\BOOKMARK [0][-]{chapter*.1}{\376\377\000T\000h\000e\000\040\000C\000o\000n\000c\000e\000p\000t\000u\000a\000l\000\040\000B\000a\000c\000k\000b\000o\000n\000e}{}% 1
\BOOKMARK [0][-]{chapter*.2}{\376\377\000T\000h\000e\000o\000r\000e\000m\000\040\000D\000e\000p\000e\000n\000d\000e\000n\000c\000y\000\040\000G\000r\000a\000p\000h}{}% 2
\BOOKMARK [0][-]{chapter*.3}{\376\377\000P\000r\000e\000f\000a\000c\000e}{}% 3
\BOOKMARK [-1][-]{part.1}{\376\377\000I\000\040\000F\000o\000u\000n\000d\000a\000t\000i\000o\000n\000s\000:\000\040\000D\000i\000s\000t\000i\000n\000c\000t\000i\000o\000n\000\040\000B\000e\000f\000o\000r\000e\000\040\000O\000b\000j\000e\000c\000t}{}% 4
\BOOKMARK [0][-]{chapter.1}{\376\377\000T\000h\000e\000\040\000P\000r\000o\000b\000l\000e\000m\000\040\000o\000f\000\040\000D\000i\000f\000f\000e\000r\000e\000n\000c\000e}{part.1}% 5
\BOOKMARK [1][-]{section.1.1}{\376\377\000W\000h\000y\000\040\000D\000i\000f\000f\000e\000r\000e\000n\000c\000e\000\040\000M\000u\000s\000t\000\040\000C\000o\000m\000e\000\040\000F\000i\000r\000s\000t}{chapter.1}% 6
\BOOKMARK [1][-]{section.1.2}{\376\377\000C\000o\000m\000m\000o\000n\000\040\000M\000i\000s\000i\000n\000t\000e\000r\000p\000r\000e\000t\000a\000t\000i\000o\000n\000s\000\040\000o\000f\000\040\000D\000i\000s\000t\000i\000n\000c\000t\000i\000o\000n}{chapter.1}% 7
\BOOKMARK [1][-]{section.1.3}{\376\377\000W\000h\000a\000t\000\040\000T\000h\000i\000s\000\040\000C\000h\000a\000p\000t\000e\000r\000\040\000E\000s\000t\000a\000b\000l\000i\000s\000h\000e\000s}{chapter.1}% 8
\BOOKMARK [1][-]{section.1.4}{\376\377\000D\000o\000m\000a\000i\000n\000s\000,\000\040\000P\000a\000r\000t\000i\000t\000i\000o\000n\000s\000,\000\040\000a\000n\000d\000\040\000M\000a\000r\000k\000s}{chapter.1}% 9
\BOOKMARK [1][-]{section.1.5}{\376\377\000T\000h\000e\000\040\000A\000x\000i\000o\000m\000\040\000o\000f\000\040\000D\000i\000s\000t\000i\000n\000c\000t\000i\000o\000n}{chapter.1}% 10
\BOOKMARK [1][-]{section.1.6}{\376\377\000O\000b\000j\000e\000c\000t\000s\000\040\000a\000s\000\040\000E\000q\000u\000i\000v\000a\000l\000e\000n\000c\000e\000\040\000C\000l\000a\000s\000s\000e\000s}{chapter.1}% 11
\BOOKMARK [1][-]{section.1.7}{\376\377\000R\000e\000f\000i\000n\000e\000m\000e\000n\000t\000\040\000a\000n\000d\000\040\000D\000i\000s\000t\000i\000n\000c\000t\000i\000o\000n\000\040\000C\000a\000p\000a\000c\000i\000t\000y}{chapter.1}% 12
\BOOKMARK [1][-]{section.1.8}{\376\377\000D\000i\000s\000t\000i\000n\000c\000t\000i\000o\000n\000\040\000C\000o\000s\000t}{chapter.1}% 13
\BOOKMARK [1][-]{section.1.9}{\376\377\000B\000l\000i\000n\000d\000\040\000S\000p\000o\000t\000s}{chapter.1}% 14
\BOOKMARK [1][-]{section.1.10}{\376\377\000T\000h\000e\000\040\000F\000i\000r\000s\000t\000\040\000D\000i\000s\000t\000i\000n\000c\000t\000i\000o\000n\000\040\000T\000h\000e\000o\000r\000e\000m}{chapter.1}% 15
\BOOKMARK [1][-]{section.1.11}{\376\377\000D\000i\000s\000t\000i\000n\000c\000t\000i\000o\000n\000s\000\040\000a\000s\000\040\000S\000t\000r\000u\000c\000t\000u\000r\000a\000l\000\040\000R\000e\000l\000a\000t\000i\000o\000n\000s\000,\000\040\000N\000o\000t\000\040\000S\000u\000b\000s\000t\000a\000n\000c\000e\000s}{chapter.1}% 16
\BOOKMARK [1][-]{section.1.12}{\376\377\000R\000e\000l\000a\000t\000e\000d\000\040\000F\000r\000a\000m\000e\000w\000o\000r\000k\000s}{chapter.1}% 17
\BOOKMARK [0][-]{chapter.2}{\376\377\000D\000i\000s\000t\000i\000n\000c\000t\000i\000o\000n\000\040\000a\000n\000d\000\040\000I\000n\000f\000o\000r\000m\000a\000t\000i\000o\000n}{part.1}% 18
\BOOKMARK [1][-]{section.2.1}{\376\377\000I\000n\000f\000o\000r\000m\000a\000t\000i\000o\000n\000\040\000a\000s\000\040\000D\000i\000s\000t\000i\000n\000c\000t\000i\000o\000n\000\040\000S\000t\000r\000u\000c\000t\000u\000r\000e}{chapter.2}% 19
\BOOKMARK [1][-]{section.2.2}{\376\377\000W\000h\000y\000\040\000S\000h\000a\000n\000n\000o\000n\000'\000s\000\040\000T\000h\000e\000o\000r\000y\000\040\000N\000e\000e\000d\000s\000\040\000a\000\040\000F\000o\000u\000n\000d\000a\000t\000i\000o\000n}{chapter.2}% 20
\BOOKMARK [1][-]{section.2.3}{\376\377\000C\000o\000m\000m\000o\000n\000\040\000M\000i\000s\000i\000n\000t\000e\000r\000p\000r\000e\000t\000a\000t\000i\000o\000n\000s\000\040\000o\000f\000\040\000I\000n\000f\000o\000r\000m\000a\000t\000i\000o\000n\000\040\000a\000s\000\040\000D\000i\000s\000t\000i\000n\000c\000t\000i\000o\000n}{chapter.2}% 21
\BOOKMARK [1][-]{section.2.4}{\376\377\000I\000n\000f\000o\000r\000m\000a\000t\000i\000o\000n\000\040\000a\000s\000\040\000D\000i\000s\000t\000i\000n\000c\000t\000i\000o\000n\000\040\000S\000e\000l\000e\000c\000t\000i\000o\000n}{chapter.2}% 22
\BOOKMARK [1][-]{section.2.5}{\376\377\000T\000h\000e\000\040\000C\000o\000m\000p\000r\000e\000s\000s\000i\000o\000n\000\040\000T\000h\000e\000o\000r\000e\000m}{chapter.2}% 23
\BOOKMARK [1][-]{section.2.6}{\376\377\000R\000e\000p\000r\000e\000s\000e\000n\000t\000a\000t\000i\000o\000n\000a\000l\000\040\000E\000n\000t\000r\000o\000p\000y}{chapter.2}% 24
\BOOKMARK [1][-]{section.2.7}{\376\377\000T\000h\000e\000\040\000R\000e\000p\000r\000e\000s\000e\000n\000t\000a\000t\000i\000o\000n\000\040\000L\000i\000m\000i\000t\000\040\000T\000h\000e\000o\000r\000e\000m}{chapter.2}% 25
\BOOKMARK [1][-]{section.2.8}{\376\377\000T\000h\000e\000\040\000F\000u\000n\000d\000a\000m\000e\000n\000t\000a\000l\000\040\000I\000n\000f\000o\000r\000m\000a\000t\000i\000o\000n\000\040\000T\000h\000e\000o\000r\000e\000m}{chapter.2}% 26
\BOOKMARK [1][-]{section.2.9}{\376\377\000R\000e\000l\000a\000t\000e\000d\000\040\000F\000r\000a\000m\000e\000w\000o\000r\000k\000s}{chapter.2}% 27
\BOOKMARK [0][-]{chapter.3}{\376\377\000D\000i\000s\000t\000i\000n\000c\000t\000i\000o\000n\000\040\000a\000n\000d\000\040\000E\000n\000t\000r\000o\000p\000y}{part.1}% 28
\BOOKMARK [1][-]{section.3.1}{\376\377\000T\000h\000e\000\040\000T\000r\000a\000d\000i\000t\000i\000o\000n\000a\000l\000\040\000I\000n\000t\000e\000r\000p\000r\000e\000t\000a\000t\000i\000o\000n\000\040\000a\000n\000d\000\040\000I\000t\000s\000\040\000L\000i\000m\000i\000t\000s}{chapter.3}% 29
\BOOKMARK [1][-]{section.3.2}{\376\377\000F\000r\000o\000m\000\040\000D\000i\000s\000t\000i\000n\000c\000t\000i\000o\000n\000\040\000t\000o\000\040\000M\000u\000l\000t\000i\000p\000l\000i\000c\000i\000t\000y}{chapter.3}% 30
\BOOKMARK [1][-]{section.3.3}{\376\377\000C\000o\000m\000m\000o\000n\000\040\000M\000i\000s\000i\000n\000t\000e\000r\000p\000r\000e\000t\000a\000t\000i\000o\000n\000s\000\040\000o\000f\000\040\000E\000n\000t\000r\000o\000p\000y\000\040\000a\000s\000\040\000M\000u\000l\000t\000i\000p\000l\000i\000c\000i\000t\000y}{chapter.3}% 31
\BOOKMARK [1][-]{section.3.4}{\376\377\000D\000i\000s\000t\000i\000n\000c\000t\000i\000o\000n\000\040\000S\000p\000a\000c\000e\000s\000\040\000a\000n\000d\000\040\000H\000i\000d\000d\000e\000n\000\040\000M\000u\000l\000t\000i\000p\000l\000i\000c\000i\000t\000y}{chapter.3}% 32
\BOOKMARK [1][-]{section.3.5}{\376\377\000T\000h\000e\000\040\000D\000i\000s\000t\000i\000n\000c\000t\000i\000o\000n\040\023\000E\000n\000t\000r\000o\000p\000y\000\040\000D\000u\000a\000l\000i\000t\000y}{chapter.3}% 33
\BOOKMARK [1][-]{section.3.6}{\376\377\000E\000n\000t\000r\000o\000p\000y\000\040\000P\000r\000o\000d\000u\000c\000t\000i\000o\000n\000\040\000a\000s\000\040\000D\000i\000s\000t\000i\000n\000c\000t\000i\000o\000n\000\040\000E\000r\000o\000s\000i\000o\000n}{chapter.3}% 34
\BOOKMARK [1][-]{section.3.7}{\376\377\000T\000h\000e\000\040\000G\000e\000o\000m\000e\000t\000r\000y\000\040\000o\000f\000\040\000I\000r\000r\000e\000v\000e\000r\000s\000i\000b\000i\000l\000i\000t\000y}{chapter.3}% 35
\BOOKMARK [1][-]{section.3.8}{\376\377\000L\000o\000c\000a\000l\000\040\000O\000r\000d\000e\000r\000\040\000a\000n\000d\000\040\000G\000l\000o\000b\000a\000l\000\040\000E\000n\000t\000r\000o\000p\000y}{chapter.3}% 36
\BOOKMARK [1][-]{section.3.9}{\376\377\000T\000h\000e\000\040\000E\000n\000t\000r\000o\000p\000y\040\023\000R\000e\000a\000c\000h\000a\000b\000i\000l\000i\000t\000y\000\040\000C\000o\000n\000n\000e\000c\000t\000i\000o\000n}{chapter.3}% 37
\BOOKMARK [1][-]{section.3.10}{\376\377\000T\000h\000e\000\040\000S\000e\000c\000o\000n\000d\000\040\000L\000a\000w\000\040\000R\000e\000i\000n\000t\000e\000r\000p\000r\000e\000t\000e\000d}{chapter.3}% 38
\BOOKMARK [1][-]{section.3.11}{\376\377\000R\000e\000l\000a\000t\000e\000d\000\040\000F\000r\000a\000m\000e\000w\000o\000r\000k\000s}{chapter.3}% 39
\BOOKMARK [-1][-]{part.2}{\376\377\000I\000I\000\040\000H\000i\000s\000t\000o\000r\000i\000e\000s\000\040\000a\000n\000d\000\040\000R\000e\000c\000o\000v\000e\000r\000a\000b\000i\000l\000i\000t\000y}{}% 40
\BOOKMARK [0][-]{chapter.4}{\376\377\000H\000i\000s\000t\000o\000r\000y\000\040\000B\000e\000f\000o\000r\000e\000\040\000S\000t\000a\000t\000e}{part.2}% 41
\BOOKMARK [1][-]{section.4.1}{\376\377\000T\000h\000e\000\040\000S\000t\000a\000t\000e\000\040\000O\000n\000t\000o\000l\000o\000g\000y\000\040\000P\000r\000o\000b\000l\000e\000m}{chapter.4}% 42
\BOOKMARK [1][-]{section.4.2}{\376\377\000W\000h\000y\000\040\000E\000n\000t\000r\000o\000p\000y\000\040\000A\000l\000o\000n\000e\000\040\000C\000a\000n\000n\000o\000t\000\040\000E\000x\000p\000l\000a\000i\000n\000\040\000t\000h\000e\000\040\000P\000r\000e\000s\000e\000n\000t}{chapter.4}% 43
\BOOKMARK [1][-]{section.4.3}{\376\377\000C\000o\000m\000m\000o\000n\000\040\000M\000i\000s\000i\000n\000t\000e\000r\000p\000r\000e\000t\000a\000t\000i\000o\000n\000s\000\040\000o\000f\000\040\000H\000i\000s\000t\000o\000r\000y\000\040\000P\000r\000i\000m\000a\000c\000y}{chapter.4}% 44
\BOOKMARK [1][-]{section.4.4}{\376\377\000S\000t\000a\000t\000e\000s\000\040\000a\000s\000\040\000E\000q\000u\000i\000v\000a\000l\000e\000n\000c\000e\000\040\000C\000l\000a\000s\000s\000e\000s\000\040\000o\000f\000\040\000H\000i\000s\000t\000o\000r\000i\000e\000s}{chapter.4}% 45
\BOOKMARK [1][-]{section.4.5}{\376\377\000T\000h\000e\000\040\000H\000i\000s\000t\000o\000r\000y\000\040\000S\000u\000r\000p\000l\000u\000s}{chapter.4}% 46
\BOOKMARK [1][-]{section.4.6}{\376\377\000T\000h\000e\000\040\000L\000a\000w\000\040\000o\000f\000\040\000H\000i\000s\000t\000o\000r\000i\000c\000a\000l\000\040\000C\000o\000m\000p\000r\000e\000s\000s\000i\000o\000n}{chapter.4}% 47
\BOOKMARK [1][-]{section.4.7}{\376\377\000T\000h\000e\000\040\000M\000a\000r\000k\000o\000v\000\040\000A\000s\000s\000u\000m\000p\000t\000i\000o\000n\000\040\000a\000s\000\040\000C\000o\000m\000p\000r\000e\000s\000s\000i\000o\000n}{chapter.4}% 48
\BOOKMARK [1][-]{section.4.8}{\376\377\000P\000r\000o\000g\000r\000a\000m\000s\000\040\000a\000s\000\040\000H\000i\000s\000t\000o\000r\000i\000e\000s}{chapter.4}% 49
\BOOKMARK [1][-]{section.4.9}{\376\377\000R\000e\000l\000a\000t\000e\000d\000\040\000F\000r\000a\000m\000e\000w\000o\000r\000k\000s}{chapter.4}% 50
\BOOKMARK [0][-]{chapter.5}{\376\377\000R\000e\000c\000o\000v\000e\000r\000a\000b\000i\000l\000i\000t\000y}{part.2}% 51
\BOOKMARK [1][-]{section.5.1}{\376\377\000B\000e\000y\000o\000n\000d\000\040\000D\000e\000s\000t\000r\000u\000c\000t\000i\000o\000n}{chapter.5}% 52
\BOOKMARK [1][-]{section.5.2}{\376\377\000D\000e\000s\000t\000r\000u\000c\000t\000i\000o\000n\000\040\000v\000e\000r\000s\000u\000s\000\040\000D\000i\000s\000p\000e\000r\000s\000a\000l}{chapter.5}% 53
\BOOKMARK [1][-]{section.5.3}{\376\377\000W\000h\000y\000\040\000C\000l\000a\000s\000s\000i\000c\000a\000l\000\040\000E\000r\000r\000o\000r\000\040\000C\000o\000r\000r\000e\000c\000t\000i\000o\000n\000\040\000I\000s\000\040\000N\000o\000t\000\040\000E\000n\000o\000u\000g\000h}{chapter.5}% 54
\BOOKMARK [1][-]{section.5.4}{\376\377\000C\000o\000m\000m\000o\000n\000\040\000M\000i\000s\000i\000n\000t\000e\000r\000p\000r\000e\000t\000a\000t\000i\000o\000n\000s\000\040\000o\000f\000\040\000R\000e\000c\000o\000v\000e\000r\000a\000b\000i\000l\000i\000t\000y}{chapter.5}% 55
\BOOKMARK [1][-]{section.5.5}{\376\377\000F\000o\000r\000m\000a\000l\000\040\000D\000e\000f\000i\000n\000i\000t\000i\000o\000n\000s}{chapter.5}% 56
\BOOKMARK [1][-]{section.5.6}{\376\377\000T\000h\000e\000\040\000L\000a\000w\000\040\000o\000f\000\040\000R\000e\000c\000o\000v\000e\000r\000a\000b\000i\000l\000i\000t\000y}{chapter.5}% 57
\BOOKMARK [1][-]{section.5.7}{\376\377\000T\000h\000e\000\040\000R\000e\000c\000o\000v\000e\000r\000a\000b\000i\000l\000i\000t\000y\000\040\000T\000h\000e\000o\000r\000e\000m}{chapter.5}% 58
\BOOKMARK [1][-]{section.5.8}{\376\377\000R\000e\000d\000u\000n\000d\000a\000n\000c\000y\000\040\000a\000n\000d\000\040\000R\000e\000c\000o\000v\000e\000r\000a\000b\000i\000l\000i\000t\000y}{chapter.5}% 59
\BOOKMARK [1][-]{section.5.9}{\376\377\000T\000h\000e\000\040\000S\000e\000m\000a\000n\000t\000i\000c\000\040\000H\000o\000r\000i\000z\000o\000n}{chapter.5}% 60
\BOOKMARK [0][-]{chapter.6}{\376\377\000M\000e\000m\000o\000r\000y\000\040\000a\000n\000d\000\040\000R\000e\000c\000o\000n\000s\000t\000r\000u\000c\000t\000i\000o\000n}{part.2}% 61
\BOOKMARK [1][-]{section.6.1}{\376\377\000F\000r\000o\000m\000\040\000R\000e\000c\000o\000v\000e\000r\000a\000b\000i\000l\000i\000t\000y\000\040\000t\000o\000\040\000M\000e\000m\000o\000r\000y}{chapter.6}% 62
\BOOKMARK [1][-]{section.6.2}{\376\377\000T\000h\000e\000\040\000C\000l\000a\000s\000s\000i\000c\000a\000l\000\040\000V\000i\000e\000w\000\040\000a\000n\000d\000\040\000I\000t\000s\000\040\000L\000i\000m\000i\000t\000s}{chapter.6}% 63
\BOOKMARK [1][-]{section.6.3}{\376\377\000C\000o\000m\000m\000o\000n\000\040\000M\000i\000s\000i\000n\000t\000e\000r\000p\000r\000e\000t\000a\000t\000i\000o\000n\000s\000\040\000o\000f\000\040\000M\000e\000m\000o\000r\000y\000\040\000a\000s\000\040\000R\000e\000c\000o\000v\000e\000r\000a\000b\000i\000l\000i\000t\000y}{chapter.6}% 64
\BOOKMARK [1][-]{section.6.4}{\376\377\000M\000e\000m\000o\000r\000y\000\040\000a\000s\000\040\000R\000e\000c\000o\000v\000e\000r\000a\000b\000i\000l\000i\000t\000y\000\040\000P\000r\000e\000s\000e\000r\000v\000a\000t\000i\000o\000n}{chapter.6}% 65
\BOOKMARK [1][-]{section.6.5}{\376\377\000T\000h\000e\000\040\000R\000e\000c\000o\000n\000s\000t\000r\000u\000c\000t\000i\000o\000n\000\040\000T\000h\000e\000o\000r\000e\000m}{chapter.6}% 66
\BOOKMARK [1][-]{section.6.6}{\376\377\000E\000c\000p\000h\000o\000r\000y}{chapter.6}% 67
\BOOKMARK [1][-]{section.6.7}{\376\377\000D\000i\000s\000t\000r\000i\000b\000u\000t\000e\000d\000\040\000M\000e\000m\000o\000r\000y}{chapter.6}% 68
\BOOKMARK [1][-]{section.6.8}{\376\377\000F\000o\000r\000g\000e\000t\000t\000i\000n\000g}{chapter.6}% 69
\BOOKMARK [1][-]{section.6.9}{\376\377\000T\000h\000e\000\040\000M\000e\000m\000o\000r\000y\000\040\000C\000o\000n\000s\000e\000r\000v\000a\000t\000i\000o\000n\000\040\000L\000a\000w}{chapter.6}% 70
\BOOKMARK [1][-]{section.6.10}{\376\377\000M\000e\000m\000o\000r\000y\000\040\000a\000n\000d\000\040\000R\000e\000p\000a\000i\000r}{chapter.6}% 71
\BOOKMARK [1][-]{section.6.11}{\376\377\000R\000e\000l\000a\000t\000e\000d\000\040\000F\000r\000a\000m\000e\000w\000o\000r\000k\000s}{chapter.6}% 72
\BOOKMARK [-1][-]{part.3}{\376\377\000I\000I\000I\000\040\000R\000e\000p\000a\000i\000r}{}% 73
\BOOKMARK [0][-]{chapter.7}{\376\377\000R\000e\000p\000a\000i\000r\000\040\000a\000s\000\040\000a\000\040\000F\000u\000n\000d\000a\000m\000e\000n\000t\000a\000l\000\040\000O\000p\000e\000r\000a\000t\000i\000o\000n}{part.3}% 74
\BOOKMARK [1][-]{section.7.1}{\376\377\000W\000h\000y\000\040\000P\000e\000r\000s\000i\000s\000t\000e\000n\000c\000e\000\040\000R\000e\000q\000u\000i\000r\000e\000s\000\040\000R\000e\000p\000a\000i\000r}{chapter.7}% 75
\BOOKMARK [1][-]{section.7.2}{\376\377\000C\000o\000m\000m\000o\000n\000\040\000M\000i\000s\000i\000n\000t\000e\000r\000p\000r\000e\000t\000a\000t\000i\000o\000n\000s\000\040\000o\000f\000\040\000R\000e\000p\000a\000i\000r}{chapter.7}% 76
\BOOKMARK [1][-]{section.7.3}{\376\377\000F\000o\000r\000m\000a\000l\000\040\000D\000e\000v\000e\000l\000o\000p\000m\000e\000n\000t}{chapter.7}% 77
\BOOKMARK [1][-]{section.7.4}{\376\377\000R\000e\000l\000a\000t\000e\000d\000\040\000F\000r\000a\000m\000e\000w\000o\000r\000k\000s}{chapter.7}% 78
\BOOKMARK [0][-]{chapter.8}{\376\377\000T\000h\000e\000\040\000G\000e\000o\000m\000e\000t\000r\000y\000\040\000o\000f\000\040\000F\000a\000i\000l\000u\000r\000e}{part.3}% 79
\BOOKMARK [1][-]{section.8.1}{\376\377\000W\000h\000y\000\040\000S\000o\000m\000e\000\040\000F\000a\000i\000l\000u\000r\000e\000s\000\040\000R\000e\000s\000i\000s\000t\000\040\000A\000l\000l\000\040\000R\000e\000p\000a\000i\000r}{chapter.8}% 80
\BOOKMARK [1][-]{section.8.2}{\376\377\000C\000o\000m\000m\000o\000n\000\040\000M\000i\000s\000i\000n\000t\000e\000r\000p\000r\000e\000t\000a\000t\000i\000o\000n\000s\000\040\000o\000f\000\040\000F\000a\000i\000l\000u\000r\000e}{chapter.8}% 81
\BOOKMARK [1][-]{section.8.3}{\376\377\000F\000o\000r\000m\000a\000l\000\040\000D\000e\000v\000e\000l\000o\000p\000m\000e\000n\000t}{chapter.8}% 82
\BOOKMARK [0][-]{chapter.9}{\376\377\000R\000e\000p\000a\000i\000r\000\040\000a\000n\000d\000\040\000I\000n\000t\000e\000l\000l\000i\000g\000e\000n\000c\000e}{part.3}% 83
\BOOKMARK [1][-]{section.9.1}{\376\377\000W\000h\000y\000\040\000I\000n\000t\000e\000l\000l\000i\000g\000e\000n\000c\000e\000\040\000I\000s\000\040\000N\000o\000t\000\040\000O\000p\000t\000i\000m\000i\000s\000a\000t\000i\000o\000n}{chapter.9}% 84
\BOOKMARK [1][-]{section.9.2}{\376\377\000C\000o\000m\000m\000o\000n\000\040\000M\000i\000s\000i\000n\000t\000e\000r\000p\000r\000e\000t\000a\000t\000i\000o\000n\000s\000\040\000o\000f\000\040\000I\000n\000t\000e\000l\000l\000i\000g\000e\000n\000c\000e\000\040\000a\000n\000d\000\040\000A\000l\000i\000g\000n\000m\000e\000n\000t}{chapter.9}% 85
\BOOKMARK [1][-]{section.9.3}{\376\377\000F\000o\000r\000m\000a\000l\000\040\000D\000e\000v\000e\000l\000o\000p\000m\000e\000n\000t}{chapter.9}% 86
\BOOKMARK [-1][-]{part.4}{\376\377\000I\000V\000\040\000R\000e\000g\000e\000n\000e\000r\000a\000t\000i\000o\000n}{}% 87
\BOOKMARK [0][-]{chapter.10}{\376\377\000B\000e\000y\000o\000n\000d\000\040\000C\000o\000n\000t\000i\000n\000u\000a\000t\000i\000o\000n}{part.4}% 88
\BOOKMARK [1][-]{section.10.1}{\376\377\000T\000h\000e\000\040\000P\000r\000o\000b\000l\000e\000m\000\040\000o\000f\000\040\000P\000e\000r\000s\000i\000s\000t\000e\000n\000c\000e}{chapter.10}% 89
\BOOKMARK [1][-]{section.10.2}{\376\377\000C\000o\000m\000m\000o\000n\000\040\000M\000i\000s\000i\000n\000t\000e\000r\000p\000r\000e\000t\000a\000t\000i\000o\000n\000s\000\040\000o\000f\000\040\000C\000o\000n\000t\000i\000n\000u\000a\000t\000i\000o\000n\000'\000s\000\040\000I\000n\000s\000u\000f\000f\000i\000c\000i\000e\000n\000c\000y}{chapter.10}% 90
\BOOKMARK [1][-]{section.10.3}{\376\377\000C\000o\000n\000t\000i\000n\000u\000a\000t\000i\000o\000n\000\040\000S\000p\000a\000c\000e}{chapter.10}% 91
\BOOKMARK [1][-]{section.10.4}{\376\377\000T\000h\000e\000\040\000C\000o\000n\000t\000i\000n\000u\000a\000t\000i\000o\000n\000\040\000E\000q\000u\000i\000v\000a\000l\000e\000n\000c\000e\000\040\000T\000h\000e\000o\000r\000e\000m}{chapter.10}% 92
\BOOKMARK [1][-]{section.10.5}{\376\377\000P\000a\000t\000h\000o\000l\000o\000g\000i\000c\000a\000l\000\040\000C\000o\000n\000t\000i\000n\000u\000a\000t\000i\000o\000n}{chapter.10}% 93
\BOOKMARK [1][-]{section.10.6}{\376\377\000T\000h\000e\000\040\000C\000o\000n\000t\000i\000n\000u\000a\000t\000i\000o\000n\000\040\000D\000e\000g\000e\000n\000e\000r\000a\000c\000y\000\040\000T\000h\000e\000o\000r\000e\000m}{chapter.10}% 94
\BOOKMARK [1][-]{section.10.7}{\376\377\000S\000e\000c\000o\000n\000d\000-\000O\000r\000d\000e\000r\000\040\000C\000o\000n\000t\000i\000n\000u\000a\000t\000i\000o\000n}{chapter.10}% 95
\BOOKMARK [1][-]{section.10.8}{\376\377\000T\000h\000e\000\040\000N\000e\000c\000e\000s\000s\000i\000t\000y\000\040\000o\000f\000\040\000R\000e\000g\000e\000n\000e\000r\000a\000t\000i\000o\000n}{chapter.10}% 96
\BOOKMARK [1][-]{section.10.9}{\376\377\000C\000o\000n\000t\000i\000n\000u\000a\000t\000i\000o\000n\000\040\000a\000s\000\040\000a\000\040\000L\000i\000m\000i\000t\000i\000n\000g\000\040\000C\000a\000s\000e}{chapter.10}% 97
\BOOKMARK [1][-]{section.10.10}{\376\377\000T\000o\000w\000a\000r\000d\000\040\000R\000e\000g\000e\000n\000e\000r\000a\000t\000i\000v\000e\000\040\000S\000y\000s\000t\000e\000m\000s}{chapter.10}% 98
\BOOKMARK [1][-]{section.10.11}{\376\377\000R\000e\000l\000a\000t\000e\000d\000\040\000F\000r\000a\000m\000e\000w\000o\000r\000k\000s}{chapter.10}% 99
\BOOKMARK [0][-]{chapter.11}{\376\377\000R\000e\000g\000e\000n\000e\000r\000a\000t\000i\000v\000e\000\040\000S\000y\000s\000t\000e\000m\000s}{part.4}% 100
\BOOKMARK [1][-]{section.11.1}{\376\377\000R\000e\000p\000a\000i\000r\000\040\000I\000s\000\040\000N\000o\000t\000\040\000E\000n\000o\000u\000g\000h}{chapter.11}% 101
\BOOKMARK [1][-]{section.11.2}{\376\377\000T\000h\000e\000\040\000R\000e\000c\000u\000r\000s\000i\000v\000e\000\040\000S\000t\000r\000u\000c\000t\000u\000r\000e\000\040\000o\000f\000\040\000P\000r\000e\000s\000e\000r\000v\000a\000t\000i\000o\000n}{chapter.11}% 102
\BOOKMARK [1][-]{section.11.3}{\376\377\000W\000h\000y\000\040\000H\000o\000m\000e\000o\000s\000t\000a\000s\000i\000s\000\040\000I\000s\000\040\000t\000h\000e\000\040\000W\000r\000o\000n\000g\000\040\000S\000u\000c\000c\000e\000s\000s\000\040\000C\000r\000i\000t\000e\000r\000i\000o\000n}{chapter.11}% 103
\BOOKMARK [1][-]{section.11.4}{\376\377\000C\000o\000m\000m\000o\000n\000\040\000M\000i\000s\000i\000n\000t\000e\000r\000p\000r\000e\000t\000a\000t\000i\000o\000n\000s\000\040\000o\000f\000\040\000R\000e\000g\000e\000n\000e\000r\000a\000t\000i\000o\000n}{chapter.11}% 104
\BOOKMARK [1][-]{section.11.5}{\376\377\000R\000e\000p\000a\000i\000r\000\040\000C\000a\000p\000a\000c\000i\000t\000y}{chapter.11}% 105
\BOOKMARK [1][-]{section.11.6}{\376\377\000R\000e\000g\000e\000n\000e\000r\000a\000t\000i\000o\000n\000\040\000D\000e\000f\000i\000n\000e\000d}{chapter.11}% 106
\BOOKMARK [1][-]{section.11.7}{\376\377\000T\000h\000e\000\040\000R\000e\000g\000e\000n\000e\000r\000a\000t\000i\000o\000n\000\040\000T\000h\000e\000o\000r\000e\000m}{chapter.11}% 107
\BOOKMARK [1][-]{section.11.8}{\376\377\000E\000x\000a\000m\000p\000l\000e\000s\000\040\000o\000f\000\040\000R\000e\000g\000e\000n\000e\000r\000a\000t\000i\000o\000n}{chapter.11}% 108
\BOOKMARK [1][-]{section.11.9}{\376\377\000T\000h\000e\000\040\000R\000e\000g\000e\000n\000e\000r\000a\000t\000i\000v\000e\000\040\000S\000t\000a\000b\000i\000l\000i\000t\000y\000\040\000T\000h\000e\000o\000r\000e\000m}{chapter.11}% 109
\BOOKMARK [1][-]{section.11.10}{\376\377\000T\000h\000e\000\040\000R\000e\000g\000e\000n\000e\000r\000a\000t\000i\000v\000e\000\040\000E\000x\000p\000a\000n\000s\000i\000o\000n\000\040\000T\000h\000e\000o\000r\000e\000m}{chapter.11}% 110
\BOOKMARK [1][-]{section.11.11}{\376\377\000R\000e\000g\000e\000n\000e\000r\000a\000t\000i\000o\000n\000\040\000a\000n\000d\000\040\000E\000v\000o\000l\000u\000t\000i\000o\000n}{chapter.11}% 111
\BOOKMARK [1][-]{section.11.12}{\376\377\000R\000e\000g\000e\000n\000e\000r\000a\000t\000i\000o\000n\000\040\000a\000s\000\040\000a\000\040\000P\000r\000e\000c\000o\000n\000d\000i\000t\000i\000o\000n\000\040\000f\000o\000r\000\040\000A\000d\000m\000i\000s\000s\000i\000b\000i\000l\000i\000t\000y}{chapter.11}% 112
\BOOKMARK [1][-]{section.11.13}{\376\377\000F\000r\000o\000m\000\040\000R\000e\000g\000e\000n\000e\000r\000a\000t\000i\000o\000n\000\040\000t\000o\000\040\000F\000u\000t\000u\000r\000e\000\040\000P\000r\000e\000s\000e\000r\000v\000a\000t\000i\000o\000n}{chapter.11}% 113
\BOOKMARK [1][-]{section.11.14}{\376\377\000R\000e\000l\000a\000t\000e\000d\000\040\000F\000r\000a\000m\000e\000w\000o\000r\000k\000s}{chapter.11}% 114
\BOOKMARK [0][-]{chapter.12}{\376\377\000D\000i\000s\000t\000i\000n\000c\000t\000i\000o\000n\000\040\000E\000c\000o\000l\000o\000g\000y}{part.4}% 115
\BOOKMARK [1][-]{section.12.1}{\376\377\000T\000h\000e\000\040\000I\000s\000o\000l\000a\000t\000i\000o\000n\000\040\000F\000a\000l\000l\000a\000c\000y}{chapter.12}% 116
\BOOKMARK [1][-]{section.12.2}{\376\377\000W\000h\000y\000\040\000R\000e\000s\000o\000u\000r\000c\000e\000-\000F\000l\000o\000w\000\040\000M\000o\000d\000e\000l\000s\000\040\000A\000r\000e\000\040\000N\000o\000t\000\040\000E\000n\000o\000u\000g\000h}{chapter.12}% 117
\BOOKMARK [1][-]{section.12.3}{\376\377\000C\000o\000m\000m\000o\000n\000\040\000M\000i\000s\000i\000n\000t\000e\000r\000p\000r\000e\000t\000a\000t\000i\000o\000n\000s\000\040\000o\000f\000\040\000D\000i\000s\000t\000i\000n\000c\000t\000i\000o\000n\000\040\000E\000c\000o\000l\000o\000g\000y}{chapter.12}% 118
\BOOKMARK [1][-]{section.12.4}{\376\377\000D\000i\000s\000t\000i\000n\000c\000t\000i\000o\000n\000\040\000E\000c\000o\000l\000o\000g\000i\000e\000s}{chapter.12}% 119
\BOOKMARK [1][-]{section.12.5}{\376\377\000D\000e\000p\000e\000n\000d\000e\000n\000c\000y\000\040\000R\000e\000l\000a\000t\000i\000o\000n\000s}{chapter.12}% 120
\BOOKMARK [1][-]{section.12.6}{\376\377\000T\000h\000e\000\040\000D\000i\000s\000t\000i\000n\000c\000t\000i\000o\000n\000\040\000D\000e\000p\000e\000n\000d\000e\000n\000c\000y\000\040\000T\000h\000e\000o\000r\000e\000m}{chapter.12}% 121
\BOOKMARK [1][-]{section.12.7}{\376\377\000E\000c\000o\000l\000o\000g\000i\000c\000a\000l\000\040\000C\000a\000s\000c\000a\000d\000e\000s}{chapter.12}% 122
\BOOKMARK [1][-]{section.12.8}{\376\377\000T\000h\000e\000\040\000E\000c\000o\000l\000o\000g\000i\000c\000a\000l\000\040\000F\000r\000a\000g\000i\000l\000i\000t\000y\000\040\000T\000h\000e\000o\000r\000e\000m}{chapter.12}% 123
\BOOKMARK [1][-]{section.12.9}{\376\377\000D\000i\000v\000e\000r\000s\000i\000t\000y\000\040\000a\000s\000\040\000R\000e\000p\000a\000i\000r\000\040\000C\000a\000p\000a\000c\000i\000t\000y}{chapter.12}% 124
\BOOKMARK [1][-]{section.12.10}{\376\377\000R\000e\000g\000e\000n\000e\000r\000a\000t\000i\000v\000e\000\040\000E\000c\000o\000l\000o\000g\000i\000e\000s}{chapter.12}% 125
\BOOKMARK [1][-]{section.12.11}{\376\377\000C\000o\000m\000p\000e\000t\000i\000t\000i\000o\000n\000\040\000a\000n\000d\000\040\000C\000o\000o\000p\000e\000r\000a\000t\000i\000o\000n\000\040\000A\000m\000o\000n\000g\000\040\000D\000i\000s\000t\000i\000n\000c\000t\000i\000o\000n\000s}{chapter.12}% 126
\BOOKMARK [1][-]{section.12.12}{\376\377\000T\000h\000e\000\040\000E\000m\000e\000r\000g\000e\000n\000c\000e\000\040\000o\000f\000\040\000A\000d\000m\000i\000s\000s\000i\000b\000i\000l\000i\000t\000y}{chapter.12}% 127
\BOOKMARK [1][-]{section.12.13}{\376\377\000R\000e\000l\000a\000t\000e\000d\000\040\000F\000r\000a\000m\000e\000w\000o\000r\000k\000s}{chapter.12}% 128
\BOOKMARK [-1][-]{part.5}{\376\377\000V\000\040\000G\000e\000o\000m\000e\000t\000r\000y}{}% 129
\BOOKMARK [0][-]{chapter.13}{\376\377\000R\000e\000a\000c\000h\000a\000b\000i\000l\000i\000t\000y}{part.5}% 130
\BOOKMARK [1][-]{section.13.1}{\376\377\000F\000r\000o\000m\000\040\000E\000n\000t\000r\000o\000p\000y\000\040\000t\000o\000\040\000G\000e\000o\000m\000e\000t\000r\000y}{chapter.13}% 131
\BOOKMARK [1][-]{section.13.2}{\376\377\000W\000h\000y\000\040\000C\000o\000n\000t\000r\000o\000l\000\040\000T\000h\000e\000o\000r\000y\000'\000s\000\040\000R\000e\000a\000c\000h\000a\000b\000i\000l\000i\000t\000y\000\040\000I\000s\000\040\000N\000o\000t\000\040\000E\000n\000o\000u\000g\000h}{chapter.13}% 132
\BOOKMARK [1][-]{section.13.3}{\376\377\000C\000o\000m\000m\000o\000n\000\040\000M\000i\000s\000i\000n\000t\000e\000r\000p\000r\000e\000t\000a\000t\000i\000o\000n\000s\000\040\000o\000f\000\040\000R\000e\000a\000c\000h\000a\000b\000i\000l\000i\000t\000y}{chapter.13}% 133
\BOOKMARK [1][-]{section.13.4}{\376\377\000B\000a\000s\000i\000c\000\040\000D\000e\000f\000i\000n\000i\000t\000i\000o\000n\000s}{chapter.13}% 134
\BOOKMARK [1][-]{section.13.5}{\376\377\000R\000e\000a\000c\000h\000a\000b\000i\000l\000i\000t\000y\000\040\000M\000o\000n\000o\000t\000o\000n\000i\000c\000i\000t\000y}{chapter.13}% 135
\BOOKMARK [1][-]{section.13.6}{\376\377\000T\000h\000e\000\040\000C\000o\000n\000s\000t\000r\000a\000i\000n\000t\000\040\000V\000o\000l\000u\000m\000e\000\040\000T\000h\000e\000o\000r\000e\000m}{chapter.13}% 136
\BOOKMARK [1][-]{section.13.7}{\376\377\000R\000e\000a\000c\000h\000a\000b\000i\000l\000i\000t\000y\000\040\000B\000o\000u\000n\000d\000a\000r\000i\000e\000s}{chapter.13}% 137
\BOOKMARK [1][-]{section.13.8}{\376\377\000T\000h\000e\000\040\000F\000u\000t\000u\000r\000e\000\040\000C\000o\000n\000e\000\040\000T\000h\000e\000o\000r\000e\000m}{chapter.13}% 138
\BOOKMARK [1][-]{section.13.9}{\376\377\000R\000e\000a\000c\000h\000a\000b\000i\000l\000i\000t\000y\000\040\000a\000n\000d\000\040\000E\000n\000t\000r\000o\000p\000y}{chapter.13}% 139
\BOOKMARK [1][-]{section.13.10}{\376\377\000R\000e\000a\000c\000h\000a\000b\000i\000l\000i\000t\000y\000\040\000i\000n\000\040\000C\000o\000m\000p\000u\000t\000a\000t\000i\000o\000n}{chapter.13}% 140
\BOOKMARK [1][-]{section.13.11}{\376\377\000R\000e\000a\000c\000h\000a\000b\000i\000l\000i\000t\000y\000\040\000i\000n\000\040\000B\000i\000o\000l\000o\000g\000y}{chapter.13}% 141
\BOOKMARK [1][-]{section.13.12}{\376\377\000R\000e\000a\000c\000h\000a\000b\000i\000l\000i\000t\000y\000\040\000a\000n\000d\000\040\000t\000h\000e\000\040\000D\000i\000s\000t\000i\000n\000c\000t\000i\000o\000n\000\040\000F\000r\000a\000m\000e\000w\000o\000r\000k}{chapter.13}% 142
\BOOKMARK [1][-]{section.13.13}{\376\377\000R\000e\000l\000a\000t\000e\000d\000\040\000F\000r\000a\000m\000e\000w\000o\000r\000k\000s}{chapter.13}% 143
\BOOKMARK [0][-]{chapter.14}{\376\377\000A\000d\000m\000i\000s\000s\000i\000b\000i\000l\000i\000t\000y}{part.5}% 144
\BOOKMARK [1][-]{section.14.1}{\376\377\000T\000h\000e\000\040\000I\000n\000s\000u\000f\000f\000i\000c\000i\000e\000n\000c\000y\000\040\000o\000f\000\040\000R\000e\000a\000c\000h\000a\000b\000i\000l\000i\000t\000y}{chapter.14}% 145
\BOOKMARK [1][-]{section.14.2}{\376\377\000W\000h\000y\000\040\000F\000e\000a\000s\000i\000b\000i\000l\000i\000t\000y\000\040\000I\000s\000\040\000N\000o\000t\000\040\000t\000h\000e\000\040\000S\000a\000m\000e\000\040\000a\000s\000\040\000A\000d\000m\000i\000s\000s\000i\000b\000i\000l\000i\000t\000y}{chapter.14}% 146
\BOOKMARK [1][-]{section.14.3}{\376\377\000C\000o\000m\000m\000o\000n\000\040\000M\000i\000s\000i\000n\000t\000e\000r\000p\000r\000e\000t\000a\000t\000i\000o\000n\000s\000\040\000o\000f\000\040\000A\000d\000m\000i\000s\000s\000i\000b\000i\000l\000i\000t\000y}{chapter.14}% 147
\BOOKMARK [1][-]{section.14.4}{\376\377\000T\000h\000e\000\040\000A\000d\000m\000i\000s\000s\000i\000b\000i\000l\000i\000t\000y\000\040\000M\000a\000n\000i\000f\000o\000l\000d}{chapter.14}% 148
\BOOKMARK [1][-]{section.14.5}{\376\377\000A\000d\000m\000i\000s\000s\000i\000b\000i\000l\000i\000t\000y\000\040\000E\000x\000i\000s\000t\000e\000n\000c\000e}{chapter.14}% 149
\BOOKMARK [1][-]{section.14.6}{\376\377\000O\000b\000s\000e\000r\000v\000a\000t\000i\000o\000n\000a\000l\000\040\000a\000n\000d\000\040\000I\000n\000t\000e\000r\000v\000e\000n\000t\000i\000o\000n\000a\000l\000\040\000A\000d\000m\000i\000s\000s\000i\000b\000i\000l\000i\000t\000y}{chapter.14}% 150
\BOOKMARK [1][-]{section.14.7}{\376\377\000A\000d\000m\000i\000s\000s\000i\000b\000i\000l\000i\000t\000y\000\040\000D\000i\000s\000t\000o\000r\000t\000i\000o\000n}{chapter.14}% 151
\BOOKMARK [1][-]{section.14.8}{\376\377\000T\000h\000e\000\040\000P\000r\000o\000j\000e\000c\000t\000i\000o\000n\040\023\000A\000d\000m\000i\000s\000s\000i\000b\000i\000l\000i\000t\000y\000\040\000G\000a\000p}{chapter.14}% 152
\BOOKMARK [1][-]{section.14.9}{\376\377\000A\000d\000m\000i\000s\000s\000i\000b\000i\000l\000i\000t\000y\000\040\000a\000n\000d\000\040\000R\000e\000p\000a\000i\000r}{chapter.14}% 153
\BOOKMARK [1][-]{section.14.10}{\376\377\000A\000d\000m\000i\000s\000s\000i\000b\000i\000l\000i\000t\000y\000\040\000M\000e\000t\000r\000i\000c\000s}{chapter.14}% 154
\BOOKMARK [1][-]{section.14.11}{\376\377\000A\000d\000m\000i\000s\000s\000i\000b\000i\000l\000i\000t\000y\000\040\000i\000n\000\040\000C\000o\000m\000p\000u\000t\000a\000t\000i\000o\000n}{chapter.14}% 155
\BOOKMARK [1][-]{section.14.12}{\376\377\000T\000h\000e\000\040\000A\000d\000m\000i\000s\000s\000i\000b\000i\000l\000i\000t\000y\000\040\000M\000a\000n\000i\000f\000o\000l\000d\000\040\000a\000s\000\040\000a\000\040\000S\000h\000e\000a\000f}{chapter.14}% 156
\BOOKMARK [1][-]{section.14.13}{\376\377\000T\000h\000e\000\040\000P\000r\000i\000n\000c\000i\000p\000l\000e\000\040\000o\000f\000\040\000R\000a\000d\000i\000c\000a\000l\000\040\000O\000p\000t\000i\000o\000n\000a\000l\000i\000t\000y}{chapter.14}% 157
\BOOKMARK [1][-]{section.14.14}{\376\377\000R\000e\000l\000a\000t\000e\000d\000\040\000F\000r\000a\000m\000e\000w\000o\000r\000k\000s}{chapter.14}% 158
\BOOKMARK [0][-]{chapter.15}{\376\377\000T\000h\000e\000\040\000G\000e\000o\000m\000e\000t\000r\000y\000\040\000o\000f\000\040\000A\000d\000m\000i\000s\000s\000i\000b\000l\000e\000\040\000F\000u\000t\000u\000r\000e\000s}{part.5}% 159
\BOOKMARK [1][-]{section.15.1}{\376\377\000T\000w\000o\000\040\000T\000r\000a\000j\000e\000c\000t\000o\000r\000i\000e\000s\000,\000\040\000O\000n\000e\000\040\000V\000o\000l\000u\000m\000e}{chapter.15}% 160
\BOOKMARK [1][-]{section.15.2}{\376\377\000C\000o\000m\000m\000o\000n\000\040\000M\000i\000s\000i\000n\000t\000e\000r\000p\000r\000e\000t\000a\000t\000i\000o\000n\000s\000\040\000o\000f\000\040\000G\000e\000n\000e\000r\000a\000t\000i\000v\000e\000\040\000A\000d\000m\000i\000s\000s\000i\000b\000i\000l\000i\000t\000y}{chapter.15}% 161
\BOOKMARK [1][-]{section.15.3}{\376\377\000F\000o\000r\000m\000a\000l\000\040\000D\000e\000v\000e\000l\000o\000p\000m\000e\000n\000t}{chapter.15}% 162
\BOOKMARK [1][-]{section.15.4}{\376\377\000F\000r\000o\000m\000\040\000G\000e\000o\000m\000e\000t\000r\000y\000\040\000t\000o\000\040\000E\000t\000h\000i\000c\000s\000:\000\040\000T\000h\000r\000e\000e\000\040\000L\000a\000y\000e\000r\000s}{chapter.15}% 163
\BOOKMARK [-1][-]{part.6}{\376\377\000V\000I\000\040\000P\000h\000y\000s\000i\000c\000a\000l\000\040\000R\000e\000a\000l\000i\000z\000a\000t\000i\000o\000n\000s}{}% 164
\BOOKMARK [0][-]{chapter.16}{\376\377\000R\000S\000V\000P\000:\000\040\000T\000h\000e\000\040\000S\000c\000a\000l\000a\000r\040\023\000V\000e\000c\000t\000o\000r\000\040\000P\000l\000e\000n\000u\000m}{part.6}% 165
\BOOKMARK [1][-]{section.16.1}{\376\377\000T\000h\000r\000e\000e\000\040\000Q\000u\000a\000n\000t\000i\000t\000i\000e\000s\000,\000\040\000N\000o\000t\000\040\000O\000n\000e}{chapter.16}% 166
\BOOKMARK [1][-]{section.16.2}{\376\377\000W\000h\000y\000\040\000S\000t\000a\000n\000d\000a\000r\000d\000\040\000F\000i\000e\000l\000d\000\040\000C\000o\000n\000t\000e\000n\000t\000\040\000I\000s\000\040\000N\000o\000t\000\040\000E\000n\000o\000u\000g\000h}{chapter.16}% 167
\BOOKMARK [1][-]{section.16.3}{\376\377\000W\000h\000a\000t\000\040\000W\000o\000u\000l\000d\000\040\000F\000a\000l\000s\000i\000f\000y\000\040\000T\000h\000i\000s\000\040\000R\000e\000a\000l\000i\000z\000a\000t\000i\000o\000n}{chapter.16}% 168
\BOOKMARK [1][-]{section.16.4}{\376\377\000W\000h\000a\000t\000\040\000T\000h\000i\000s\000\040\000C\000h\000a\000p\000t\000e\000r\000\040\000E\000s\000t\000a\000b\000l\000i\000s\000h\000e\000s}{chapter.16}% 169
\BOOKMARK [1][-]{section.16.5}{\376\377\000T\000h\000e\000\040\000T\000h\000r\000e\000e\000-\000F\000i\000e\000l\000d\000\040\000N\000e\000c\000e\000s\000s\000i\000t\000y\000\040\000T\000h\000e\000o\000r\000e\000m}{chapter.16}% 170
\BOOKMARK [1][-]{section.16.6}{\376\377\000C\000a\000p\000a\000c\000i\000t\000y\000\040\000C\000o\000n\000s\000e\000r\000v\000a\000t\000i\000o\000n}{chapter.16}% 171
\BOOKMARK [1][-]{section.16.7}{\376\377\000T\000h\000e\000\040\000R\000e\000a\000c\000h\000a\000b\000i\000l\000i\000t\000y\000\040\000B\000r\000i\000d\000g\000e}{chapter.16}% 172
\BOOKMARK [1][-]{section.16.8}{\376\377\000T\000h\000e\000\040\000R\000S\000V\000P\000\040\000A\000c\000t\000i\000o\000n}{chapter.16}% 173
\BOOKMARK [1][-]{section.16.9}{\376\377\000L\000a\000m\000p\000h\000r\000o\000d\000y\000n\000e\000\040\000R\000e\000l\000a\000x\000a\000t\000i\000o\000n}{chapter.16}% 174
\BOOKMARK [1][-]{section.16.10}{\376\377\000R\000S\000V\000P\000\040\000a\000n\000d\000\040\000A\000d\000m\000i\000s\000s\000i\000b\000i\000l\000i\000t\000y}{chapter.16}% 175
\BOOKMARK [1][-]{section.16.11}{\376\377\000P\000h\000y\000s\000i\000c\000a\000l\000\040\000R\000e\000a\000l\000i\000z\000a\000t\000i\000o\000n}{chapter.16}% 176
\BOOKMARK [1][-]{section.16.12}{\376\377\000E\000x\000i\000s\000t\000e\000n\000c\000e\000,\000\040\000S\000t\000a\000b\000i\000l\000i\000t\000y\000,\000\040\000a\000n\000d\000\040\000A\000t\000t\000r\000a\000c\000t\000o\000r\000s}{chapter.16}% 177
\BOOKMARK [1][-]{section.16.13}{\376\377\000R\000e\000l\000a\000t\000e\000d\000\040\000F\000r\000a\000m\000e\000w\000o\000r\000k\000s}{chapter.16}% 178
\BOOKMARK [1][-]{section.16.14}{\376\377\000R\000S\000V\000P\000\040\000a\000s\000\040\000I\000n\000t\000e\000r\000p\000r\000e\000t\000a\000t\000i\000o\000n\000\040\000a\000n\000d\000\040\000R\000e\000a\000l\000i\000z\000a\000t\000i\000o\000n}{chapter.16}% 179
\BOOKMARK [0][-]{chapter.17}{\376\377\000G\000r\000a\000v\000i\000t\000y\000\040\000a\000s\000\040\000D\000i\000s\000t\000i\000n\000c\000t\000i\000o\000n\000\040\000D\000y\000n\000a\000m\000i\000c\000s}{part.6}% 180
\BOOKMARK [1][-]{section.17.1}{\376\377\000F\000r\000o\000m\000\040\000C\000a\000p\000a\000c\000i\000t\000y\000\040\000t\000o\000\040\000P\000o\000t\000e\000n\000t\000i\000a\000l}{chapter.17}% 181
\BOOKMARK [1][-]{section.17.2}{\376\377\000W\000h\000a\000t\000\040\000W\000o\000u\000l\000d\000\040\000F\000a\000l\000s\000i\000f\000y\000\040\000T\000h\000i\000s\000\040\000R\000e\000a\000l\000i\000z\000a\000t\000i\000o\000n}{chapter.17}% 182
\BOOKMARK [1][-]{section.17.3}{\376\377\000W\000h\000a\000t\000\040\000T\000h\000i\000s\000\040\000C\000h\000a\000p\000t\000e\000r\000\040\000E\000s\000t\000a\000b\000l\000i\000s\000h\000e\000s}{chapter.17}% 183
\BOOKMARK [1][-]{section.17.4}{\376\377\000C\000a\000p\000a\000c\000i\000t\000y\000\040\000G\000r\000a\000d\000i\000e\000n\000t\000s\000\040\000a\000n\000d\000\040\000A\000c\000c\000e\000l\000e\000r\000a\000t\000i\000o\000n}{chapter.17}% 184
\BOOKMARK [1][-]{section.17.5}{\376\377\000A\000d\000m\000i\000s\000s\000i\000b\000l\000e\000\040\000G\000e\000o\000d\000e\000s\000i\000c\000s}{chapter.17}% 185
\BOOKMARK [1][-]{section.17.6}{\376\377\000C\000u\000r\000v\000a\000t\000u\000r\000e\000\040\000f\000r\000o\000m\000\040\000C\000a\000p\000a\000c\000i\000t\000y}{chapter.17}% 186
\BOOKMARK [1][-]{section.17.7}{\376\377\000T\000h\000e\000\040\000W\000e\000a\000k\000-\000F\000i\000e\000l\000d\000\040\000L\000i\000m\000i\000t}{chapter.17}% 187
\BOOKMARK [1][-]{section.17.8}{\376\377\000G\000r\000a\000v\000i\000t\000y\000\040\000a\000s\000\040\000R\000e\000a\000c\000h\000a\000b\000i\000l\000i\000t\000y\000\040\000O\000p\000t\000i\000m\000i\000z\000a\000t\000i\000o\000n}{chapter.17}% 188
\BOOKMARK [1][-]{section.17.9}{\376\377\000C\000o\000l\000l\000a\000p\000s\000e}{chapter.17}% 189
\BOOKMARK [1][-]{section.17.10}{\376\377\000C\000u\000r\000v\000a\000t\000u\000r\000e\040\023\000R\000e\000c\000o\000v\000e\000r\000a\000b\000i\000l\000i\000t\000y\000\040\000C\000o\000r\000r\000e\000s\000p\000o\000n\000d\000e\000n\000c\000e}{chapter.17}% 190
\BOOKMARK [1][-]{section.17.11}{\376\377\000G\000r\000a\000v\000i\000t\000y\000\040\000R\000e\000a\000l\000i\000z\000e\000d}{chapter.17}% 191
\BOOKMARK [0][-]{chapter.18}{\376\377\000E\000x\000p\000y\000r\000o\000t\000i\000c\000\040\000C\000o\000s\000m\000o\000l\000o\000g\000y}{part.6}% 192
\BOOKMARK [1][-]{section.18.1}{\376\377\000R\000e\000a\000c\000h\000a\000b\000i\000l\000i\000t\000y\000\040\000R\000e\000p\000l\000a\000c\000e\000s\000\040\000S\000i\000z\000e}{chapter.18}% 193
\BOOKMARK [1][-]{section.18.2}{\376\377\000W\000h\000a\000t\000\040\000W\000o\000u\000l\000d\000\040\000F\000a\000l\000s\000i\000f\000y\000\040\000T\000h\000i\000s\000\040\000R\000e\000a\000l\000i\000z\000a\000t\000i\000o\000n}{chapter.18}% 194
\BOOKMARK [1][-]{section.18.3}{\376\377\000W\000h\000a\000t\000\040\000T\000h\000i\000s\000\040\000C\000h\000a\000p\000t\000e\000r\000\040\000E\000s\000t\000a\000b\000l\000i\000s\000h\000e\000s}{chapter.18}% 195
\BOOKMARK [1][-]{section.18.4}{\376\377\000R\000e\000a\000c\000h\000a\000b\000i\000l\000i\000t\000y\000\040\000a\000n\000d\000\040\000C\000o\000s\000m\000o\000l\000o\000g\000i\000c\000a\000l\000\040\000A\000d\000m\000i\000s\000s\000i\000b\000l\000e\000\040\000V\000o\000l\000u\000m\000e}{chapter.18}% 196
\BOOKMARK [1][-]{section.18.5}{\376\377\000C\000o\000s\000m\000o\000l\000o\000g\000i\000c\000a\000l\000\040\000C\000o\000n\000s\000t\000r\000a\000i\000n\000t\000\040\000a\000n\000d\000\040\000C\000o\000l\000l\000a\000p\000s\000e}{chapter.18}% 197
\BOOKMARK [1][-]{section.18.6}{\376\377\000E\000x\000p\000y\000r\000o\000t\000i\000c\000\040\000N\000e\000c\000e\000s\000s\000i\000t\000y}{chapter.18}% 198
\BOOKMARK [1][-]{section.18.7}{\376\377\000C\000o\000s\000m\000o\000l\000o\000g\000i\000c\000a\000l\000\040\000E\000v\000o\000l\000u\000t\000i\000o\000n}{chapter.18}% 199
\BOOKMARK [1][-]{section.18.8}{\376\377\000C\000o\000s\000m\000o\000l\000o\000g\000i\000c\000a\000l\000\040\000M\000e\000m\000o\000r\000y}{chapter.18}% 200
\BOOKMARK [1][-]{section.18.9}{\376\377\000E\000x\000p\000y\000r\000o\000t\000i\000c\000\040\000A\000d\000m\000i\000s\000s\000i\000b\000i\000l\000i\000t\000y}{chapter.18}% 201
\BOOKMARK [1][-]{section.18.10}{\376\377\000T\000h\000e\000\040\000R\000e\000i\000n\000t\000e\000g\000r\000a\000t\000i\000o\000n\000\040\000O\000p\000e\000r\000a\000t\000o\000r}{chapter.18}% 202
\BOOKMARK [1][-]{section.18.11}{\376\377\000O\000n\000\040\000t\000h\000e\000\040\000S\000p\000e\000c\000u\000l\000a\000t\000i\000v\000e\000\040\000S\000t\000a\000t\000u\000s\000\040\000o\000f\000\040\000T\000h\000i\000s\000\040\000C\000h\000a\000p\000t\000e\000r}{chapter.18}% 203
\BOOKMARK [0][-]{chapter.19}{\376\377\000C\000o\000s\000m\000o\000l\000o\000g\000i\000c\000a\000l\000\040\000C\000o\000m\000p\000l\000e\000t\000i\000o\000n}{part.6}% 204
\BOOKMARK [1][-]{section.19.1}{\376\377\000W\000h\000a\000t\000\040\000I\000s\000\040\000C\000o\000n\000s\000e\000r\000v\000e\000d}{chapter.19}% 205
\BOOKMARK [1][-]{section.19.2}{\376\377\000W\000h\000a\000t\000\040\000W\000o\000u\000l\000d\000\040\000F\000a\000l\000s\000i\000f\000y\000\040\000T\000h\000i\000s\000\040\000R\000e\000a\000l\000i\000z\000a\000t\000i\000o\000n}{chapter.19}% 206
\BOOKMARK [1][-]{section.19.3}{\376\377\000W\000h\000a\000t\000\040\000T\000h\000i\000s\000\040\000C\000h\000a\000p\000t\000e\000r\000\040\000E\000s\000t\000a\000b\000l\000i\000s\000h\000e\000s}{chapter.19}% 207
\BOOKMARK [1][-]{section.19.4}{\376\377\000C\000o\000s\000m\000o\000l\000o\000g\000i\000c\000a\000l\000\040\000C\000a\000p\000a\000c\000i\000t\000y\000\040\000C\000o\000n\000s\000e\000r\000v\000a\000t\000i\000o\000n}{chapter.19}% 208
\BOOKMARK [1][-]{section.19.5}{\376\377\000M\000e\000m\000o\000r\000y\000\040\000A\000c\000r\000o\000s\000s\000\040\000C\000y\000c\000l\000e\000s}{chapter.19}% 209
\BOOKMARK [1][-]{section.19.6}{\376\377\000N\000o\000\040\000T\000e\000r\000m\000i\000n\000a\000l\000\040\000E\000q\000u\000i\000l\000i\000b\000r\000i\000u\000m}{chapter.19}% 210
\BOOKMARK [1][-]{section.19.7}{\376\377\000C\000o\000s\000m\000o\000l\000o\000g\000i\000c\000a\000l\000\040\000P\000r\000o\000d\000u\000c\000t\000i\000v\000i\000t\000y}{chapter.19}% 211
\BOOKMARK [1][-]{section.19.8}{\376\377\000C\000o\000s\000m\000o\000l\000o\000g\000i\000c\000a\000l\000\040\000O\000p\000t\000i\000m\000a\000l\000i\000t\000y}{chapter.19}% 212
\BOOKMARK [1][-]{section.19.9}{\376\377\000A\000s\000y\000m\000p\000t\000o\000t\000i\000c\000\040\000S\000a\000t\000u\000r\000a\000t\000i\000o\000n\000\040\000W\000i\000t\000h\000o\000u\000t\000\040\000E\000x\000h\000a\000u\000s\000t\000i\000o\000n}{chapter.19}% 213
\BOOKMARK [1][-]{section.19.10}{\376\377\000C\000o\000m\000p\000l\000e\000t\000i\000o\000n}{chapter.19}% 214
\BOOKMARK [1][-]{section.19.11}{\376\377\000R\000e\000l\000a\000t\000e\000d\000\040\000F\000r\000a\000m\000e\000w\000o\000r\000k\000s}{chapter.19}% 215
\BOOKMARK [-1][-]{part.7}{\376\377\000V\000I\000I\000\040\000C\000o\000g\000n\000i\000t\000i\000v\000e\000\040\000R\000e\000a\000l\000i\000z\000a\000t\000i\000o\000n\000s}{}% 216
\BOOKMARK [0][-]{chapter.20}{\376\377\000S\000e\000m\000a\000n\000t\000i\000c\000\040\000G\000e\000o\000m\000e\000t\000r\000y}{part.7}% 217
\BOOKMARK [1][-]{section.20.1}{\376\377\000M\000e\000a\000n\000i\000n\000g\000\040\000a\000s\000\040\000D\000i\000s\000t\000i\000n\000c\000t\000i\000o\000n\000\040\000S\000t\000r\000u\000c\000t\000u\000r\000e}{chapter.20}% 218
\BOOKMARK [1][-]{section.20.2}{\376\377\000W\000h\000a\000t\000\040\000W\000o\000u\000l\000d\000\040\000F\000a\000l\000s\000i\000f\000y\000\040\000T\000h\000i\000s\000\040\000R\000e\000a\000l\000i\000z\000a\000t\000i\000o\000n}{chapter.20}% 219
\BOOKMARK [1][-]{section.20.3}{\376\377\000C\000o\000m\000m\000o\000n\000\040\000M\000i\000s\000i\000n\000t\000e\000r\000p\000r\000e\000t\000a\000t\000i\000o\000n\000s\000\040\000o\000f\000\040\000S\000e\000m\000a\000n\000t\000i\000c\000\040\000G\000e\000o\000m\000e\000t\000r\000y}{chapter.20}% 220
\BOOKMARK [1][-]{section.20.4}{\376\377\000W\000h\000a\000t\000\040\000T\000h\000i\000s\000\040\000C\000h\000a\000p\000t\000e\000r\000\040\000E\000s\000t\000a\000b\000l\000i\000s\000h\000e\000s}{chapter.20}% 221
\BOOKMARK [1][-]{section.20.5}{\376\377\000T\000h\000e\000\040\000S\000e\000m\000a\000n\000t\000i\000c\000\040\000M\000e\000t\000r\000i\000c}{chapter.20}% 222
\BOOKMARK [1][-]{section.20.6}{\376\377\000S\000e\000m\000a\000n\000t\000i\000c\000\040\000C\000u\000r\000v\000a\000t\000u\000r\000e}{chapter.20}% 223
\BOOKMARK [1][-]{section.20.7}{\376\377\000C\000o\000n\000c\000e\000p\000t\000u\000a\000l\000\040\000A\000t\000t\000r\000a\000c\000t\000o\000r\000s}{chapter.20}% 224
\BOOKMARK [1][-]{section.20.8}{\376\377\000M\000e\000a\000n\000i\000n\000g\000\040\000R\000e\000p\000a\000i\000r}{chapter.20}% 225
\BOOKMARK [1][-]{section.20.9}{\376\377\000S\000e\000m\000a\000n\000t\000i\000c\000\040\000T\000r\000a\000j\000e\000c\000t\000o\000r\000i\000e\000s\000\040\000a\000n\000d\000\040\000A\000d\000m\000i\000s\000s\000i\000b\000i\000l\000i\000t\000y}{chapter.20}% 226
\BOOKMARK [1][-]{section.20.10}{\376\377\000R\000S\000V\000P\000\040\000a\000n\000d\000\040\000t\000h\000e\000\040\000M\000e\000a\000n\000i\000n\000g\000\040\000M\000a\000n\000i\000f\000o\000l\000d}{chapter.20}% 227
\BOOKMARK [1][-]{section.20.11}{\376\377\000S\000e\000m\000a\000n\000t\000i\000c\000\040\000G\000e\000o\000m\000e\000t\000r\000y\000\040\000a\000n\000d\000\040\000C\000o\000g\000n\000i\000t\000i\000v\000e\000\040\000R\000e\000a\000l\000i\000z\000a\000t\000i\000o\000n}{chapter.20}% 228
\BOOKMARK [1][-]{section.20.12}{\376\377\000R\000e\000l\000a\000t\000e\000d\000\040\000F\000r\000a\000m\000e\000w\000o\000r\000k\000s}{chapter.20}% 229
\BOOKMARK [0][-]{chapter.21}{\376\377\000C\000o\000n\000s\000c\000i\000o\000u\000s\000n\000e\000s\000s}{part.7}% 230
\BOOKMARK [1][-]{section.21.1}{\376\377\000S\000e\000l\000f\000-\000R\000e\000c\000o\000n\000s\000t\000r\000u\000c\000t\000i\000o\000n}{chapter.21}% 231
\BOOKMARK [1][-]{section.21.2}{\376\377\000W\000h\000y\000\040\000I\000n\000t\000e\000g\000r\000a\000t\000e\000d\000\040\000I\000n\000f\000o\000r\000m\000a\000t\000i\000o\000n\000\040\000I\000s\000\040\000N\000o\000t\000\040\000E\000n\000o\000u\000g\000h}{chapter.21}% 232
\BOOKMARK [1][-]{section.21.3}{\376\377\000W\000h\000a\000t\000\040\000W\000o\000u\000l\000d\000\040\000F\000a\000l\000s\000i\000f\000y\000\040\000T\000h\000i\000s\000\040\000R\000e\000a\000l\000i\000z\000a\000t\000i\000o\000n}{chapter.21}% 233
\BOOKMARK [1][-]{section.21.4}{\376\377\000C\000o\000m\000m\000o\000n\000\040\000M\000i\000s\000i\000n\000t\000e\000r\000p\000r\000e\000t\000a\000t\000i\000o\000n\000s\000\040\000o\000f\000\040\000C\000o\000n\000s\000c\000i\000o\000u\000s\000n\000e\000s\000s\000\040\000a\000s\000\040\000R\000e\000c\000u\000r\000s\000i\000v\000e\000\040\000R\000e\000p\000a\000i\000r}{chapter.21}% 234
\BOOKMARK [1][-]{section.21.5}{\376\377\000W\000h\000a\000t\000\040\000T\000h\000i\000s\000\040\000C\000h\000a\000p\000t\000e\000r\000\040\000E\000s\000t\000a\000b\000l\000i\000s\000h\000e\000s}{chapter.21}% 235
\BOOKMARK [1][-]{section.21.6}{\376\377\000R\000e\000c\000u\000r\000s\000i\000v\000e\000\040\000S\000e\000l\000f\000-\000M\000o\000d\000e\000l\000i\000n\000g}{chapter.21}% 236
\BOOKMARK [1][-]{section.21.7}{\376\377\000A\000w\000a\000r\000e\000n\000e\000s\000s}{chapter.21}% 237
\BOOKMARK [1][-]{section.21.8}{\376\377\000I\000n\000t\000e\000l\000l\000i\000g\000e\000n\000c\000e\000\040\000a\000n\000d\000\040\000C\000o\000n\000s\000c\000i\000o\000u\000s\000n\000e\000s\000s\000\040\000A\000r\000e\000\040\000I\000n\000d\000e\000p\000e\000n\000d\000e\000n\000t}{chapter.21}% 238
\BOOKMARK [1][-]{section.21.9}{\376\377\000P\000h\000e\000n\000o\000m\000e\000n\000o\000l\000o\000g\000i\000c\000a\000l\000\040\000D\000e\000p\000t\000h}{chapter.21}% 239
\BOOKMARK [1][-]{section.21.10}{\376\377\000C\000o\000n\000s\000c\000i\000o\000u\000s\000n\000e\000s\000s\000\040\000a\000n\000d\000\040\000A\000d\000m\000i\000s\000s\000i\000b\000i\000l\000i\000t\000y}{chapter.21}% 240
\BOOKMARK [1][-]{section.21.11}{\376\377\000C\000o\000n\000s\000c\000i\000o\000u\000s\000n\000e\000s\000s\000\040\000a\000s\000\040\000R\000e\000c\000u\000r\000s\000i\000v\000e\000\040\000R\000e\000p\000a\000i\000r}{chapter.21}% 241
\BOOKMARK [1][-]{section.21.12}{\376\377\000M\000u\000t\000u\000a\000l\000\040\000I\000n\000f\000o\000r\000m\000a\000t\000i\000o\000n\000\040\000a\000n\000d\000\040\000t\000h\000e\000\040\000R\000e\000c\000o\000v\000e\000r\000a\000b\000i\000l\000i\000t\000y\000\040\000F\000l\000o\000o\000r}{chapter.21}% 242
\BOOKMARK [1][-]{section.21.13}{\376\377\000R\000e\000l\000a\000t\000e\000d\000\040\000F\000r\000a\000m\000e\000w\000o\000r\000k\000s}{chapter.21}% 243
\BOOKMARK [1][-]{section.21.14}{\376\377\000F\000u\000n\000c\000t\000i\000o\000n\000a\000l\000\040\000C\000o\000n\000s\000c\000i\000o\000u\000s\000n\000e\000s\000s\000\040\000a\000n\000d\000\040\000t\000h\000e\000\040\000H\000a\000r\000d\000\040\000P\000r\000o\000b\000l\000e\000m}{chapter.21}% 244
\BOOKMARK [0][-]{chapter.22}{\376\377\000P\000r\000e\000f\000e\000r\000e\000n\000c\000e\000\040\000F\000i\000e\000l\000d\000s}{part.7}% 245
\BOOKMARK [1][-]{section.22.1}{\376\377\000P\000r\000e\000f\000e\000r\000e\000n\000c\000e\000\040\000a\000s\000\040\000G\000e\000o\000m\000e\000t\000r\000y}{chapter.22}% 246
\BOOKMARK [1][-]{section.22.2}{\376\377\000W\000h\000a\000t\000\040\000W\000o\000u\000l\000d\000\040\000F\000a\000l\000s\000i\000f\000y\000\040\000T\000h\000i\000s\000\040\000R\000e\000a\000l\000i\000z\000a\000t\000i\000o\000n}{chapter.22}% 247
\BOOKMARK [1][-]{section.22.3}{\376\377\000C\000o\000m\000m\000o\000n\000\040\000M\000i\000s\000i\000n\000t\000e\000r\000p\000r\000e\000t\000a\000t\000i\000o\000n\000s\000\040\000o\000f\000\040\000P\000r\000e\000f\000e\000r\000e\000n\000c\000e\000\040\000F\000i\000e\000l\000d\000s}{chapter.22}% 248
\BOOKMARK [1][-]{section.22.4}{\376\377\000W\000h\000a\000t\000\040\000T\000h\000i\000s\000\040\000C\000h\000a\000p\000t\000e\000r\000\040\000E\000s\000t\000a\000b\000l\000i\000s\000h\000e\000s}{chapter.22}% 249
\BOOKMARK [1][-]{section.22.5}{\376\377\000P\000r\000e\000f\000e\000r\000e\000n\000c\000e\000\040\000a\000s\000\040\000G\000r\000a\000d\000i\000e\000n\000t\000\040\000F\000l\000o\000w}{chapter.22}% 250
\BOOKMARK [1][-]{section.22.6}{\376\377\000R\000e\000w\000a\000r\000d\000\040\000V\000e\000r\000s\000u\000s\000\040\000A\000d\000m\000i\000s\000s\000i\000b\000i\000l\000i\000t\000y}{chapter.22}% 251
\BOOKMARK [1][-]{section.22.7}{\376\377\000P\000r\000e\000f\000e\000r\000e\000n\000c\000e\000\040\000C\000u\000r\000v\000a\000t\000u\000r\000e}{chapter.22}% 252
\BOOKMARK [1][-]{section.22.8}{\376\377\000C\000o\000l\000l\000e\000c\000t\000i\000v\000e\000\040\000P\000r\000e\000f\000e\000r\000e\000n\000c\000e}{chapter.22}% 253
\BOOKMARK [1][-]{section.22.9}{\376\377\000T\000h\000e\000\040\000C\000e\000n\000t\000r\000a\000l\000\040\000E\000q\000u\000i\000v\000a\000l\000e\000n\000c\000e}{chapter.22}% 254
\BOOKMARK [1][-]{section.22.10}{\376\377\000F\000i\000e\000l\000d\000\040\000D\000y\000n\000a\000m\000i\000c\000s\000\040\000a\000n\000d\000\040\000t\000h\000e\000\040\000B\000o\000u\000n\000d\000a\000r\000y\000-\000F\000l\000u\000x\000\040\000I\000d\000e\000n\000t\000i\000t\000y}{chapter.22}% 255
\BOOKMARK [1][-]{section.22.11}{\376\377\000R\000e\000l\000a\000t\000e\000d\000\040\000F\000r\000a\000m\000e\000w\000o\000r\000k\000s}{chapter.22}% 256
\BOOKMARK [-1][-]{part.8}{\376\377\000V\000I\000I\000I\000\040\000C\000o\000m\000p\000u\000t\000a\000t\000i\000o\000n\000a\000l\000\040\000R\000e\000a\000l\000i\000z\000a\000t\000i\000o\000n\000s}{}% 257
\BOOKMARK [0][-]{chapter.23}{\376\377\000F\000l\000o\000w\000\040\000C\000o\000m\000p\000u\000t\000i\000n\000g}{part.8}% 258
\BOOKMARK [1][-]{section.23.1}{\376\377\000P\000r\000o\000g\000r\000a\000m\000s\000\040\000a\000s\000\040\000D\000i\000s\000t\000i\000n\000c\000t\000i\000o\000n\000\040\000H\000i\000s\000t\000o\000r\000i\000e\000s}{chapter.23}% 259
\BOOKMARK [1][-]{section.23.2}{\376\377\000W\000h\000y\000\040\000t\000h\000e\000\040\000T\000u\000r\000i\000n\000g\000\040\000M\000a\000c\000h\000i\000n\000e\000\040\000I\000s\000\040\000N\000o\000t\000\040\000E\000n\000o\000u\000g\000h}{chapter.23}% 260
\BOOKMARK [1][-]{section.23.3}{\376\377\000W\000h\000a\000t\000\040\000W\000o\000u\000l\000d\000\040\000F\000a\000l\000s\000i\000f\000y\000\040\000T\000h\000i\000s\000\040\000R\000e\000a\000l\000i\000z\000a\000t\000i\000o\000n}{chapter.23}% 261
\BOOKMARK [1][-]{section.23.4}{\376\377\000W\000h\000a\000t\000\040\000T\000h\000i\000s\000\040\000C\000h\000a\000p\000t\000e\000r\000\040\000E\000s\000t\000a\000b\000l\000i\000s\000h\000e\000s}{chapter.23}% 262
\BOOKMARK [1][-]{section.23.5}{\376\377\000T\000h\000e\000\040\000F\000l\000o\000w\000\040\000C\000o\000n\000s\000e\000r\000v\000a\000t\000i\000o\000n\000\040\000T\000h\000e\000o\000r\000e\000m}{chapter.23}% 263
\BOOKMARK [1][-]{section.23.6}{\376\377\000T\000h\000e\000\040\000P\000i\000p\000e\000l\000i\000n\000e\000\040\000D\000e\000t\000e\000r\000m\000i\000n\000a\000t\000i\000o\000n\000\040\000T\000h\000e\000o\000r\000e\000m}{chapter.23}% 264
\BOOKMARK [1][-]{section.23.7}{\376\377\000T\000h\000e\000\040\000M\000a\000r\000k\000o\000v\000\040\000B\000o\000u\000n\000d\000a\000r\000y\000\040\000T\000h\000e\000o\000r\000e\000m}{chapter.23}% 265
\BOOKMARK [1][-]{section.23.8}{\376\377\000H\000i\000s\000t\000o\000r\000y\000\040\000D\000o\000m\000i\000n\000a\000n\000c\000e\000\040\000i\000n\000\040\000F\000i\000l\000e\000\040\000S\000y\000s\000t\000e\000m\000s}{chapter.23}% 266
\BOOKMARK [1][-]{section.23.9}{\376\377\000F\000l\000o\000w\000\040\000C\000o\000m\000p\000u\000t\000i\000n\000g\000\040\000a\000n\000d\000\040\000A\000d\000m\000i\000s\000s\000i\000b\000i\000l\000i\000t\000y}{chapter.23}% 267
\BOOKMARK [0][-]{chapter.24}{\376\377\000S\000p\000h\000e\000r\000e\000p\000o\000p}{part.8}% 268
\BOOKMARK [1][-]{section.24.1}{\376\377\000I\000r\000r\000e\000v\000e\000r\000s\000i\000b\000l\000e\000\040\000E\000v\000e\000n\000t\000\040\000C\000a\000l\000c\000u\000l\000u\000s}{chapter.24}% 269
\BOOKMARK [1][-]{section.24.2}{\376\377\000W\000h\000y\000\040\000S\000t\000r\000u\000c\000t\000u\000r\000a\000l\000\040\000O\000p\000e\000r\000a\000t\000i\000o\000n\000a\000l\000\040\000S\000e\000m\000a\000n\000t\000i\000c\000s\000\040\000I\000s\000\040\000N\000o\000t\000\040\000E\000n\000o\000u\000g\000h}{chapter.24}% 270
\BOOKMARK [1][-]{section.24.3}{\376\377\000W\000h\000a\000t\000\040\000W\000o\000u\000l\000d\000\040\000F\000a\000l\000s\000i\000f\000y\000\040\000T\000h\000i\000s\000\040\000R\000e\000a\000l\000i\000z\000a\000t\000i\000o\000n}{chapter.24}% 271
\BOOKMARK [1][-]{section.24.4}{\376\377\000W\000h\000a\000t\000\040\000T\000h\000i\000s\000\040\000C\000h\000a\000p\000t\000e\000r\000\040\000E\000s\000t\000a\000b\000l\000i\000s\000h\000e\000s}{chapter.24}% 272
\BOOKMARK [1][-]{section.24.5}{\376\377\000T\000h\000e\000\040\000R\000e\000f\000u\000s\000a\000l\000\040\000P\000r\000e\000s\000e\000r\000v\000a\000t\000i\000o\000n\000\040\000T\000h\000e\000o\000r\000e\000m}{chapter.24}% 273
\BOOKMARK [1][-]{section.24.6}{\376\377\000T\000h\000e\000\040\000C\000o\000l\000l\000a\000p\000s\000e\000\040\000Q\000u\000o\000t\000i\000e\000n\000t\000\040\000T\000h\000e\000o\000r\000e\000m}{chapter.24}% 274
\BOOKMARK [1][-]{section.24.7}{\376\377\000T\000h\000e\000\040\000H\000i\000s\000t\000o\000r\000y\000\040\000M\000o\000n\000o\000t\000o\000n\000i\000c\000i\000t\000y\000\040\000T\000h\000e\000o\000r\000e\000m}{chapter.24}% 275
\BOOKMARK [1][-]{section.24.8}{\376\377\000T\000h\000e\000\040\000S\000c\000o\000p\000e\000\040\000D\000y\000n\000a\000m\000i\000c\000s\000\040\000T\000h\000e\000o\000r\000e\000m}{chapter.24}% 276
\BOOKMARK [1][-]{section.24.9}{\376\377\000C\000o\000m\000p\000u\000t\000a\000t\000i\000o\000n\000a\000l\000\040\000R\000e\000c\000o\000v\000e\000r\000a\000b\000i\000l\000i\000t\000y}{chapter.24}% 277
\BOOKMARK [0][-]{chapter.25}{\376\377\000H\000Y\000D\000R\000A}{part.8}% 278
\BOOKMARK [1][-]{section.25.1}{\376\377\000R\000e\000p\000a\000i\000r\000-\000B\000a\000s\000e\000d\000\040\000C\000o\000g\000n\000i\000t\000i\000o\000n}{chapter.25}% 279
\BOOKMARK [1][-]{section.25.2}{\376\377\000W\000h\000y\000\040\000a\000\040\000S\000i\000n\000g\000l\000e\000\040\000O\000b\000j\000e\000c\000t\000i\000v\000e\000\040\000F\000u\000n\000c\000t\000i\000o\000n\000\040\000I\000s\000\040\000N\000o\000t\000\040\000E\000n\000o\000u\000g\000h}{chapter.25}% 280
\BOOKMARK [1][-]{section.25.3}{\376\377\000W\000h\000a\000t\000\040\000W\000o\000u\000l\000d\000\040\000F\000a\000l\000s\000i\000f\000y\000\040\000T\000h\000i\000s\000\040\000R\000e\000a\000l\000i\000z\000a\000t\000i\000o\000n}{chapter.25}% 281
\BOOKMARK [1][-]{section.25.4}{\376\377\000W\000h\000a\000t\000\040\000T\000h\000i\000s\000\040\000C\000h\000a\000p\000t\000e\000r\000\040\000E\000s\000t\000a\000b\000l\000i\000s\000h\000e\000s}{chapter.25}% 282
\BOOKMARK [1][-]{section.25.5}{\376\377\000T\000h\000e\000\040\000H\000y\000b\000r\000i\000d\000\040\000R\000e\000p\000a\000i\000r\000\040\000T\000h\000e\000o\000r\000e\000m}{chapter.25}% 283
\BOOKMARK [1][-]{section.25.6}{\376\377\000T\000h\000e\000\040\000P\000r\000o\000j\000e\000c\000t\000i\000o\000n\000\040\000M\000a\000n\000a\000g\000e\000m\000e\000n\000t\000\040\000T\000h\000e\000o\000r\000e\000m}{chapter.25}% 284
\BOOKMARK [1][-]{section.25.7}{\376\377\000T\000h\000e\000\040\000M\000u\000l\000t\000i\000-\000M\000o\000d\000u\000l\000e\000\040\000A\000d\000m\000i\000s\000s\000i\000b\000i\000l\000i\000t\000y\000\040\000T\000h\000e\000o\000r\000e\000m}{chapter.25}% 285
\BOOKMARK [1][-]{section.25.8}{\376\377\000T\000h\000e\000\040\000C\000o\000n\000s\000t\000r\000a\000i\000n\000t\000-\000G\000u\000i\000d\000e\000d\000\040\000I\000n\000t\000e\000l\000l\000i\000g\000e\000n\000c\000e\000\040\000T\000h\000e\000o\000r\000e\000m}{chapter.25}% 286
\BOOKMARK [0][-]{chapter.26}{\376\377\000T\000A\000R\000T\000A\000N}{part.8}% 287
\BOOKMARK [1][-]{section.26.1}{\376\377\000M\000u\000l\000t\000i\000s\000c\000a\000l\000e\000\040\000D\000i\000s\000t\000i\000n\000c\000t\000i\000o\000n\000\040\000S\000t\000r\000u\000c\000t\000u\000r\000e}{chapter.26}% 288
\BOOKMARK [1][-]{section.26.2}{\376\377\000W\000h\000y\000\040\000P\000a\000n\000a\000r\000c\000h\000y\000\040\000I\000s\000\040\000N\000o\000t\000\040\000E\000n\000o\000u\000g\000h}{chapter.26}% 289
\BOOKMARK [1][-]{section.26.3}{\376\377\000W\000h\000a\000t\000\040\000W\000o\000u\000l\000d\000\040\000F\000a\000l\000s\000i\000f\000y\000\040\000T\000h\000i\000s\000\040\000R\000e\000a\000l\000i\000z\000a\000t\000i\000o\000n}{chapter.26}% 290
\BOOKMARK [1][-]{section.26.4}{\376\377\000W\000h\000a\000t\000\040\000T\000h\000i\000s\000\040\000C\000h\000a\000p\000t\000e\000r\000\040\000E\000s\000t\000a\000b\000l\000i\000s\000h\000e\000s}{chapter.26}% 291
\BOOKMARK [1][-]{section.26.5}{\376\377\000T\000h\000e\000\040\000R\000e\000c\000u\000r\000s\000i\000v\000e\000\040\000T\000i\000l\000i\000n\000g\000\040\000T\000h\000e\000o\000r\000e\000m}{chapter.26}% 292
\BOOKMARK [1][-]{section.26.6}{\376\377\000T\000h\000e\000\040\000C\000o\000h\000e\000r\000e\000n\000c\000e\000\040\000T\000i\000l\000e\000\040\000T\000h\000e\000o\000r\000e\000m}{chapter.26}% 293
\BOOKMARK [1][-]{section.26.7}{\376\377\000T\000h\000e\000\040\000M\000u\000l\000t\000i\000s\000c\000a\000l\000e\000\040\000R\000e\000c\000o\000v\000e\000r\000a\000b\000i\000l\000i\000t\000y\000\040\000T\000h\000e\000o\000r\000e\000m}{chapter.26}% 294
\BOOKMARK [1][-]{section.26.8}{\376\377\000T\000h\000e\000\040\000T\000r\000a\000j\000e\000c\000t\000o\000r\000y\000\040\000P\000r\000e\000s\000e\000r\000v\000a\000t\000i\000o\000n\000\040\000T\000h\000e\000o\000r\000e\000m}{chapter.26}% 295
\BOOKMARK [1][-]{section.26.9}{\376\377\000T\000A\000R\000T\000A\000N\000\040\000a\000n\000d\000\040\000A\000d\000m\000i\000s\000s\000i\000b\000i\000l\000i\000t\000y}{chapter.26}% 296
\BOOKMARK [1][-]{section.26.10}{\376\377\000R\000e\000l\000a\000t\000e\000d\000\040\000F\000r\000a\000m\000e\000w\000o\000r\000k\000s}{chapter.26}% 297
\BOOKMARK [-1][-]{part.9}{\376\377\000I\000X\000\040\000S\000o\000c\000i\000a\000l\000\040\000R\000e\000a\000l\000i\000z\000a\000t\000i\000o\000n\000s}{}% 298
\BOOKMARK [0][-]{chapter.27}{\376\377\000F\000i\000s\000c\000a\000l\000\040\000R\000e\000a\000c\000h\000a\000b\000i\000l\000i\000t\000y}{part.9}% 299
\BOOKMARK [1][-]{section.27.1}{\376\377\000P\000u\000b\000l\000i\000c\000\040\000F\000i\000n\000a\000n\000c\000e\000\040\000a\000s\000\040\000R\000e\000a\000c\000h\000a\000b\000i\000l\000i\000t\000y\000\040\000G\000e\000o\000m\000e\000t\000r\000y}{chapter.27}% 300
\BOOKMARK [1][-]{section.27.2}{\376\377\000W\000h\000y\000\040\000F\000l\000o\000w\000\040\000A\000c\000c\000o\000u\000n\000t\000i\000n\000g\000\040\000I\000s\000\040\000N\000o\000t\000\040\000E\000n\000o\000u\000g\000h}{chapter.27}% 301
\BOOKMARK [1][-]{section.27.3}{\376\377\000W\000h\000a\000t\000\040\000W\000o\000u\000l\000d\000\040\000F\000a\000l\000s\000i\000f\000y\000\040\000T\000h\000i\000s\000\040\000R\000e\000a\000l\000i\000z\000a\000t\000i\000o\000n}{chapter.27}% 302
\BOOKMARK [1][-]{section.27.4}{\376\377\000W\000h\000a\000t\000\040\000T\000h\000i\000s\000\040\000C\000h\000a\000p\000t\000e\000r\000\040\000E\000s\000t\000a\000b\000l\000i\000s\000h\000e\000s}{chapter.27}% 303
\BOOKMARK [1][-]{section.27.5}{\376\377\000T\000h\000e\000\040\000F\000i\000s\000c\000a\000l\000\040\000R\000e\000a\000c\000h\000a\000b\000i\000l\000i\000t\000y\000\040\000T\000h\000e\000o\000r\000e\000m}{chapter.27}% 304
\BOOKMARK [1][-]{section.27.6}{\376\377\000T\000h\000e\000\040\000A\000d\000m\000i\000n\000i\000s\000t\000r\000a\000t\000i\000v\000e\000\040\000B\000l\000i\000n\000d\000\040\000S\000p\000o\000t\000\040\000T\000h\000e\000o\000r\000e\000m}{chapter.27}% 305
\BOOKMARK [1][-]{section.27.7}{\376\377\000T\000h\000e\000\040\000B\000o\000u\000n\000d\000a\000r\000y\000\040\000E\000x\000h\000a\000u\000s\000t\000i\000o\000n\000\040\000T\000h\000e\000o\000r\000e\000m}{chapter.27}% 306
\BOOKMARK [1][-]{section.27.8}{\376\377\000T\000h\000e\000\040\000G\000o\000v\000e\000r\000n\000a\000n\000c\000e\000\040\000C\000a\000p\000a\000c\000i\000t\000y\000\040\000T\000h\000e\000o\000r\000e\000m}{chapter.27}% 307
\BOOKMARK [2][-]{subsection.27.8.1}{\376\377\000O\000p\000t\000i\000o\000n\000a\000l\000i\000t\000y\000\040\000a\000s\000\040\000R\000e\000a\000c\000h\000a\000b\000l\000e\000\040\000V\000o\000l\000u\000m\000e}{section.27.8}% 308
\BOOKMARK [1][-]{section.27.9}{\376\377\000E\000x\000t\000e\000n\000d\000e\000d\000\040\000E\000x\000a\000m\000p\000l\000e\000:\000\040\000T\000h\000e\000\040\000R\000e\000a\000c\000h\000a\000b\000i\000l\000i\000t\000y\000\040\000C\000o\000l\000l\000a\000p\000s\000e\000\040\000o\000f\000\040\000a\000\040\000C\000o\000m\000p\000a\000n\000y\000\040\000T\000o\000w\000n}{chapter.27}% 309
\BOOKMARK [2][-]{subsection.27.9.1}{\376\377\000T\000h\000e\000\040\000P\000o\000l\000i\000c\000y\000\040\000S\000t\000a\000t\000e\000\040\000S\000p\000a\000c\000e\000\040\000o\000f\000\040\000a\000\040\000C\000o\000m\000p\000a\000n\000y\000\040\000T\000o\000w\000n}{section.27.9}% 310
\BOOKMARK [2][-]{subsection.27.9.2}{\376\377\000S\000p\000e\000c\000i\000a\000l\000i\000z\000a\000t\000i\000o\000n\000\040\000a\000n\000d\000\040\000t\000h\000e\000\040\000E\000r\000o\000s\000i\000o\000n\000\040\000o\000f\000\040\000G\000F}{section.27.9}% 311
\BOOKMARK [2][-]{subsection.27.9.3}{\376\377\000T\000h\000e\000\040\000A\000d\000m\000i\000n\000i\000s\000t\000r\000a\000t\000i\000v\000e\000\040\000B\000l\000i\000n\000d\000\040\000S\000p\000o\000t\000\040\000i\000n\000\040\000P\000r\000a\000c\000t\000i\000c\000e}{section.27.9}% 312
\BOOKMARK [2][-]{subsection.27.9.4}{\376\377\000A\000\040\000T\000o\000y\000\040\000T\000r\000a\000j\000e\000c\000t\000o\000r\000y\000\040\000f\000o\000r\000\040\000V\000\137\000F\000\050\000t\000\051}{section.27.9}% 313
\BOOKMARK [2][-]{subsection.27.9.5}{\376\377\000C\000o\000l\000l\000a\000p\000s\000e}{section.27.9}% 314
\BOOKMARK [2][-]{subsection.27.9.6}{\376\377\000W\000h\000a\000t\000\040\000G\000F\000\040\000+\000\040\000R\000F\000\040\000>\000=\000\040\000L\000F\000\040\000W\000o\000u\000l\000d\000\040\000H\000a\000v\000e\000\040\000R\000e\000q\000u\000i\000r\000e\000d}{section.27.9}% 315
\BOOKMARK [2][-]{subsection.27.9.7}{\376\377\000A\000\040\000C\000a\000u\000t\000i\000o\000n\000\040\000A\000b\000o\000u\000t\000\040\000t\000h\000e\000\040\000R\000e\000c\000o\000n\000s\000t\000r\000u\000c\000t\000i\000o\000n}{section.27.9}% 316
\BOOKMARK [1][-]{section.27.10}{\376\377\000E\000m\000p\000i\000r\000i\000c\000a\000l\000\040\000E\000s\000t\000i\000m\000a\000t\000i\000o\000n\000\040\000a\000n\000d\000\040\000P\000r\000o\000x\000y\000\040\000V\000a\000r\000i\000a\000b\000l\000e\000s}{chapter.27}% 317
\BOOKMARK [0][-]{chapter.28}{\376\377\000G\000o\000v\000e\000r\000n\000a\000n\000c\000e\000\040\000a\000s\000\040\000F\000u\000t\000u\000r\000e\000\040\000P\000r\000e\000s\000e\000r\000v\000a\000t\000i\000o\000n}{part.9}% 318
\BOOKMARK [1][-]{section.28.1}{\376\377\000G\000o\000v\000e\000r\000n\000a\000n\000c\000e\000\040\000a\000n\000d\000\040\000F\000u\000t\000u\000r\000e\000\040\000P\000o\000s\000s\000i\000b\000i\000l\000i\000t\000y}{chapter.28}% 319
\BOOKMARK [2][-]{subsection.28.1.1}{\376\377\000G\000o\000v\000e\000r\000n\000a\000n\000c\000e\000\040\000a\000s\000\040\000P\000r\000e\000s\000e\000r\000v\000a\000t\000i\000o\000n\000\040\000o\000f\000\040\000R\000e\000a\000c\000h\000a\000b\000l\000e\000\040\000F\000u\000t\000u\000r\000e\000s}{section.28.1}% 320
\BOOKMARK [1][-]{section.28.2}{\376\377\000W\000h\000a\000t\000\040\000W\000o\000u\000l\000d\000\040\000F\000a\000l\000s\000i\000f\000y\000\040\000T\000h\000i\000s\000\040\000R\000e\000a\000l\000i\000z\000a\000t\000i\000o\000n}{chapter.28}% 321
\BOOKMARK [1][-]{section.28.3}{\376\377\000W\000h\000a\000t\000\040\000T\000h\000i\000s\000\040\000C\000h\000a\000p\000t\000e\000r\000\040\000E\000s\000t\000a\000b\000l\000i\000s\000h\000e\000s}{chapter.28}% 322
\BOOKMARK [1][-]{section.28.4}{\376\377\000T\000h\000e\000\040\000G\000o\000v\000e\000r\000n\000a\000n\000c\000e\000\040\000T\000h\000r\000e\000s\000h\000o\000l\000d\000\040\000T\000h\000e\000o\000r\000e\000m}{chapter.28}% 323
\BOOKMARK [1][-]{section.28.5}{\376\377\000T\000h\000e\000\040\000O\000p\000t\000i\000o\000n\000\040\000P\000r\000e\000s\000e\000r\000v\000a\000t\000i\000o\000n\000\040\000T\000h\000e\000o\000r\000e\000m}{chapter.28}% 324
\BOOKMARK [2][-]{subsection.28.5.1}{\376\377\000P\000r\000e\000m\000a\000t\000u\000r\000e\000\040\000C\000o\000l\000l\000a\000p\000s\000e\000\040\000a\000n\000d\000\040\000R\000e\000g\000u\000l\000a\000t\000o\000r\000y\000\040\000P\000r\000o\000j\000e\000c\000t\000i\000o\000n}{section.28.5}% 325
\BOOKMARK [1][-]{section.28.6}{\376\377\000T\000h\000e\000\040\000I\000n\000s\000t\000i\000t\000u\000t\000i\000o\000n\000a\000l\000\040\000R\000e\000p\000a\000i\000r\000\040\000T\000h\000e\000o\000r\000e\000m}{chapter.28}% 326
\BOOKMARK [2][-]{subsection.28.6.1}{\376\377\000I\000n\000s\000t\000i\000t\000u\000t\000i\000o\000n\000a\000l\000\040\000R\000e\000g\000e\000n\000e\000r\000a\000t\000i\000o\000n}{section.28.6}% 327
\BOOKMARK [1][-]{section.28.7}{\376\377\000T\000h\000e\000\040\000D\000e\000m\000o\000c\000r\000a\000t\000i\000c\000\040\000R\000e\000a\000c\000h\000a\000b\000i\000l\000i\000t\000y\000\040\000T\000h\000e\000o\000r\000e\000m}{chapter.28}% 328
\BOOKMARK [1][-]{section.28.8}{\376\377\000R\000e\000l\000a\000t\000e\000d\000\040\000F\000r\000a\000m\000e\000w\000o\000r\000k\000s}{chapter.28}% 329
\BOOKMARK [1][-]{section.28.9}{\376\377\000E\000x\000t\000e\000n\000d\000e\000d\000\040\000E\000x\000a\000m\000p\000l\000e\000:\000\040\000T\000h\000e\000\040\000N\000e\000w\000s\000p\000a\000p\000e\000r\000\040\000T\000h\000a\000t\000\040\000O\000p\000t\000i\000m\000i\000z\000e\000d\000\040\000I\000t\000s\000e\000l\000f\000\040\000t\000o\000\040\000D\000e\000a\000t\000h}{chapter.28}% 330
\BOOKMARK [2][-]{subsection.28.9.1}{\376\377\000T\000h\000e\000\040\000B\000a\000c\000k\000d\000r\000o\000p\000:\000\040\000A\000n\000\040\000I\000n\000d\000u\000s\000t\000r\000y\000-\000W\000i\000d\000e\000\040\000L\000o\000s\000s\000\040\000o\000f\000\040\000G\000G}{section.28.9}% 331
\BOOKMARK [2][-]{subsection.28.9.2}{\376\377\000T\000h\000e\000\040\000G\000o\000v\000e\000r\000n\000a\000n\000c\000e\000\040\000E\000c\000o\000l\000o\000g\000y\000\040\000o\000f\000\040\000a\000\040\000N\000e\000w\000s\000r\000o\000o\000m}{section.28.9}% 332
\BOOKMARK [2][-]{subsection.28.9.3}{\376\377\0002\0000\0001\0000\040\023\0002\0000\0001\0003\000:\000\040\000A\000\040\000N\000e\000w\000s\000r\000o\000o\000m\000\040\000T\000h\000a\000t\000\040\000S\000t\000i\000l\000l\000\040\000W\000o\000r\000k\000e\000d}{section.28.9}% 333
\BOOKMARK [2][-]{subsection.28.9.4}{\376\377\000C\000o\000n\000s\000t\000i\000t\000u\000t\000i\000o\000n\000a\000l\000\040\000H\000o\000l\000l\000o\000w\000i\000n\000g}{section.28.9}% 334
\BOOKMARK [2][-]{subsection.28.9.5}{\376\377\000R\000e\000a\000c\000h\000a\000b\000i\000l\000i\000t\000y\000\040\000C\000o\000l\000l\000a\000p\000s\000e\000\040\000a\000n\000d\000\040\000A\000d\000m\000i\000s\000s\000i\000b\000i\000l\000i\000t\000y\000\040\000C\000o\000l\000l\000a\000p\000s\000e\000,\000\040\000D\000i\000s\000t\000i\000n\000g\000u\000i\000s\000h\000e\000d}{section.28.9}% 335
\BOOKMARK [2][-]{subsection.28.9.6}{\376\377\000W\000h\000y\000\040\000t\000h\000e\000\040\000I\000n\000s\000t\000i\000t\000u\000t\000i\000o\000n\000a\000l\000\040\000R\000e\000p\000a\000i\000r\000\040\000T\000h\000e\000o\000r\000e\000m\000\040\000F\000a\000i\000l\000s\000\040\000o\000n\000\040\000A\000l\000l\000\040\000T\000h\000r\000e\000e\000\040\000C\000o\000n\000d\000i\000t\000i\000o\000n\000s}{section.28.9}% 336
\BOOKMARK [2][-]{subsection.28.9.7}{\376\377\000A\000p\000r\000i\000l\000\040\0002\0000\0001\0008\000:\000\040\000A\000n\000\040\000A\000t\000t\000e\000m\000p\000t\000\040\000a\000t\000\040\000M\000e\000t\000a\000-\000R\000e\000p\000a\000i\000r}{section.28.9}% 337
\BOOKMARK [2][-]{subsection.28.9.8}{\376\377\000G\000a\000m\000m\000a\000\137\000I\000\040\000N\000e\000g\000a\000t\000i\000v\000e\000\040\000W\000h\000i\000l\000e\000\040\000E\000v\000e\000r\000y\000\040\000V\000i\000s\000i\000b\000l\000e\000\040\000M\000e\000t\000r\000i\000c\000\040\000H\000e\000l\000d}{section.28.9}% 338
\BOOKMARK [2][-]{subsection.28.9.9}{\376\377\000T\000h\000e\000\040\000W\000i\000d\000e\000r\000\040\000S\000t\000a\000k\000e\000s\000:\000\040\000D\000i\000s\000t\000i\000n\000c\000t\000i\000o\000n\000\040\000D\000i\000v\000e\000r\000s\000i\000t\000y\000\040\000a\000t\000\040\000N\000a\000t\000i\000o\000n\000a\000l\000\040\000S\000c\000a\000l\000e}{section.28.9}% 339
\BOOKMARK [2][-]{subsection.28.9.10}{\376\377\000A\000\040\000C\000a\000u\000t\000i\000o\000n\000\040\000A\000b\000o\000u\000t\000\040\000t\000h\000e\000\040\000R\000e\000c\000o\000n\000s\000t\000r\000u\000c\000t\000i\000o\000n}{section.28.9}% 340
\BOOKMARK [0][-]{chapter.29}{\376\377\000S\000c\000i\000e\000n\000c\000e\000\040\000a\000s\000\040\000a\000\040\000R\000e\000g\000e\000n\000e\000r\000a\000t\000i\000v\000e\000\040\000S\000y\000s\000t\000e\000m}{part.9}% 341
\BOOKMARK [1][-]{section.29.1}{\376\377\000S\000c\000i\000e\000n\000c\000e\000\040\000a\000s\000\040\000E\000c\000o\000l\000o\000g\000y}{chapter.29}% 342
\BOOKMARK [1][-]{section.29.2}{\376\377\000W\000h\000a\000t\000\040\000W\000o\000u\000l\000d\000\040\000F\000a\000l\000s\000i\000f\000y\000\040\000T\000h\000i\000s\000\040\000R\000e\000a\000l\000i\000z\000a\000t\000i\000o\000n}{chapter.29}% 343
\BOOKMARK [1][-]{section.29.3}{\376\377\000W\000h\000a\000t\000\040\000T\000h\000i\000s\000\040\000C\000h\000a\000p\000t\000e\000r\000\040\000E\000s\000t\000a\000b\000l\000i\000s\000h\000e\000s}{chapter.29}% 344
\BOOKMARK [1][-]{section.29.4}{\376\377\000T\000h\000e\000\040\000S\000c\000i\000e\000n\000t\000i\000f\000i\000c\000\040\000R\000e\000p\000a\000i\000r\000\040\000T\000h\000e\000o\000r\000e\000m}{chapter.29}% 345
\BOOKMARK [1][-]{section.29.5}{\376\377\000T\000h\000e\000\040\000Q\000u\000e\000s\000t\000i\000o\000n\000\040\000G\000e\000n\000e\000r\000a\000t\000i\000o\000n\000\040\000T\000h\000e\000o\000r\000e\000m}{chapter.29}% 346
\BOOKMARK [1][-]{section.29.6}{\376\377\000T\000h\000e\000\040\000A\000n\000o\000m\000a\000l\000y\000\040\000P\000r\000e\000s\000e\000r\000v\000a\000t\000i\000o\000n\000\040\000T\000h\000e\000o\000r\000e\000m}{chapter.29}% 347
\BOOKMARK [1][-]{section.29.7}{\376\377\000T\000h\000e\000\040\000R\000e\000g\000e\000n\000e\000r\000a\000t\000i\000v\000e\000\040\000E\000p\000i\000s\000t\000e\000m\000o\000l\000o\000g\000y\000\040\000T\000h\000e\000o\000r\000e\000m}{chapter.29}% 348
\BOOKMARK [1][-]{section.29.8}{\376\377\000S\000c\000i\000e\000n\000c\000e\000\040\000a\000n\000d\000\040\000t\000h\000e\000\040\000F\000u\000l\000l\000\040\000A\000d\000m\000i\000s\000s\000i\000b\000i\000l\000i\000t\000y\000\040\000I\000n\000v\000a\000r\000i\000a\000n\000t}{chapter.29}% 349
\BOOKMARK [1][-]{section.29.9}{\376\377\000R\000e\000l\000a\000t\000e\000d\000\040\000F\000r\000a\000m\000e\000w\000o\000r\000k\000s}{chapter.29}% 350
\BOOKMARK [1][-]{section.29.10}{\376\377\000E\000x\000t\000e\000n\000d\000e\000d\000\040\000E\000x\000a\000m\000p\000l\000e\000:\000\040\000T\000h\000e\000\040\000S\000t\000a\000i\000r\000\040\000N\000o\000b\000o\000d\000y\000\040\000S\000a\000w\000\040\040\024\000\040\000H\000e\000l\000i\000c\000o\000b\000a\000c\000t\000e\000r\000\040\000p\000y\000l\000o\000r\000i\000\040\000a\000n\000d\000\040\000t\000h\000e\000\040\000U\000l\000c\000e\000r\000\040\000R\000e\000v\000o\000l\000u\000t\000i\000o\000n}{chapter.29}% 351
\BOOKMARK [2][-]{subsection.29.10.1}{\376\377\000T\000h\000e\000\040\000D\000i\000s\000t\000i\000n\000c\000t\000i\000o\000n\000\040\000E\000c\000o\000l\000o\000g\000y\000\040\000o\000f\000\040\000P\000e\000p\000t\000i\000c\000\040\000U\000l\000c\000e\000r\000\040\000D\000i\000s\000e\000a\000s\000e\000\040\000B\000e\000f\000o\000r\000e\000\040\0001\0009\0008\0002}{section.29.10}% 352
\BOOKMARK [2][-]{subsection.29.10.2}{\376\377\000A\000n\000\040\000A\000n\000o\000m\000a\000l\000y\000\040\000N\000o\000b\000o\000d\000y\000\040\000W\000a\000s\000\040\000L\000o\000o\000k\000i\000n\000g\000\040\000F\000o\000r}{section.29.10}% 353
\BOOKMARK [2][-]{subsection.29.10.3}{\376\377\000L\000o\000w\000\040\000R\000e\000c\000o\000v\000e\000r\000a\000b\000i\000l\000i\000t\000y\000,\000\040\0001\0009\0008\0001\040\023\0001\0009\0008\0003}{section.29.10}% 354
\BOOKMARK [2][-]{subsection.29.10.4}{\376\377\000F\000o\000r\000c\000i\000n\000g\000\040\000R\000e\000c\000o\000v\000e\000r\000a\000b\000i\000l\000i\000t\000y\000:\000\040\000T\000h\000e\000\040\0001\0009\0008\0004\000\040\000S\000e\000l\000f\000-\000E\000x\000p\000e\000r\000i\000m\000e\000n\000t}{section.29.10}% 355
\BOOKMARK [2][-]{subsection.29.10.5}{\376\377\000T\000h\000e\000\040\000R\000e\000g\000e\000n\000e\000r\000a\000t\000i\000v\000e\000\040\000E\000p\000i\000s\000t\000e\000m\000o\000l\000o\000g\000y\000\040\000T\000h\000e\000o\000r\000e\000m\000,\000\040\000B\000e\000f\000o\000r\000e\000\040\000a\000n\000d\000\040\000A\000f\000t\000e\000r}{section.29.10}% 356
\BOOKMARK [2][-]{subsection.29.10.6}{\376\377\0001\0009\0009\0004\040\023\0002\0000\0000\0005\000:\000\040\000E\000c\000o\000l\000o\000g\000y\000\040\000R\000e\000s\000t\000r\000u\000c\000t\000u\000r\000i\000n\000g}{section.29.10}% 357
\BOOKMARK [2][-]{subsection.29.10.7}{\376\377\000A\000\040\000C\000a\000u\000t\000i\000o\000n\000\040\000A\000b\000o\000u\000t\000\040\000t\000h\000e\000\040\000R\000e\000c\000o\000n\000s\000t\000r\000u\000c\000t\000i\000o\000n}{section.29.10}% 358
\BOOKMARK [-1][-]{part.10}{\376\377\000X\000\040\000S\000y\000n\000t\000h\000e\000s\000i\000s}{}% 359
\BOOKMARK [0][-]{chapter.30}{\376\377\000T\000h\000e\000\040\000E\000c\000o\000l\000o\000g\000y\000\040\000o\000f\000\040\000D\000i\000s\000t\000i\000n\000c\000t\000i\000o\000n\000s}{part.10}% 360
\BOOKMARK [1][-]{section.30.1}{\376\377\000T\000h\000e\000\040\000A\000r\000g\000u\000m\000e\000n\000t\000\040\000S\000o\000\040\000F\000a\000r}{chapter.30}% 361
\BOOKMARK [1][-]{section.30.2}{\376\377\000T\000h\000e\000\040\000P\000r\000e\000s\000e\000r\000v\000a\000t\000i\000o\000n\000\040\000H\000i\000e\000r\000a\000r\000c\000h\000y}{chapter.30}% 362
\BOOKMARK [1][-]{section.30.3}{\376\377\000T\000h\000e\000\040\000U\000n\000i\000f\000i\000e\000d\000\040\000I\000n\000v\000a\000r\000i\000a\000n\000t}{chapter.30}% 363
\BOOKMARK [1][-]{section.30.4}{\376\377\000T\000h\000e\000\040\000C\000a\000t\000e\000g\000o\000r\000y\000\040\000o\000f\000\040\000R\000e\000g\000e\000n\000e\000r\000a\000t\000i\000v\000e\000\040\000S\000y\000s\000t\000e\000m\000s}{chapter.30}% 364
\BOOKMARK [1][-]{section.30.5}{\376\377\000T\000h\000e\000\040\000E\000c\000o\000l\000o\000g\000y\000\040\000B\000a\000l\000a\000n\000c\000e\000\040\000L\000a\000w}{chapter.30}% 365
\BOOKMARK [1][-]{section.30.6}{\376\377\000R\000e\000a\000l\000i\000z\000a\000t\000i\000o\000n\000s\000\040\000a\000s\000\040\000F\000u\000n\000c\000t\000o\000r\000s}{chapter.30}% 366
\BOOKMARK [1][-]{section.30.7}{\376\377\000W\000h\000a\000t\000\040\000I\000s\000\040\000M\000e\000a\000n\000t\000\040\000b\000y\000\040\000`\000`\000F\000u\000n\000c\000t\000o\000r\000'\000'}{chapter.30}% 367
\BOOKMARK [1][-]{section.30.8}{\376\377\000W\000h\000a\000t\000\040\000t\000h\000e\000\040\000B\000o\000o\000k\000\040\000H\000a\000s\000\040\000P\000r\000o\000v\000e\000d}{chapter.30}% 368
\BOOKMARK [1][-]{section.30.9}{\376\377\000T\000h\000e\000\040\000T\000r\000a\000n\000s\000i\000t\000i\000o\000n\000\040\000t\000o\000\040\000C\000h\000a\000p\000t\000e\000r\000\040\0003\0001}{chapter.30}% 369
\BOOKMARK [1][-]{section.30.10}{\376\377\000R\000e\000l\000a\000t\000e\000d\000\040\000F\000r\000a\000m\000e\000w\000o\000r\000k\000s}{chapter.30}% 370
\BOOKMARK [0][-]{chapter.31}{\376\377\000T\000h\000e\000\040\000P\000r\000e\000s\000e\000r\000v\000a\000t\000i\000o\000n\000\040\000o\000f\000\040\000P\000o\000s\000s\000i\000b\000i\000l\000i\000t\000y}{part.10}% 371
\BOOKMARK [1][-]{section.31.1}{\376\377\000I\000n\000t\000r\000o\000d\000u\000c\000t\000i\000o\000n}{chapter.31}% 372
\BOOKMARK [1][-]{section.31.2}{\376\377\000T\000h\000e\000\040\000P\000o\000s\000s\000i\000b\000i\000l\000i\000t\000y\000\040\000F\000u\000n\000c\000t\000i\000o\000n\000a\000l}{chapter.31}% 373
\BOOKMARK [1][-]{section.31.3}{\376\377\000P\000r\000e\000s\000e\000r\000v\000a\000t\000i\000o\000n\000\040\000D\000y\000n\000a\000m\000i\000c\000s}{chapter.31}% 374
\BOOKMARK [1][-]{section.31.4}{\376\377\000T\000h\000e\000\040\000P\000r\000e\000s\000e\000r\000v\000a\000t\000i\000o\000n\000\040\000I\000m\000p\000l\000i\000c\000a\000t\000i\000o\000n\000\040\000T\000h\000e\000o\000r\000e\000m}{chapter.31}% 375
\BOOKMARK [1][-]{section.31.5}{\376\377\000T\000h\000e\000\040\000P\000r\000e\000s\000e\000r\000v\000a\000t\000i\000o\000n\000\040\000O\000b\000j\000e\000c\000t\000i\000v\000e\000\040\000E\000q\000u\000i\000v\000a\000l\000e\000n\000c\000e\000\040\000T\000h\000e\000o\000r\000e\000m}{chapter.31}% 376
\BOOKMARK [1][-]{section.31.6}{\376\377\000T\000h\000e\000\040\000C\000a\000t\000e\000g\000o\000r\000y\000\040\000o\000f\000\040\000R\000e\000g\000e\000n\000e\000r\000a\000t\000i\000v\000e\000\040\000S\000y\000s\000t\000e\000m\000s}{chapter.31}% 377
\BOOKMARK [1][-]{section.31.7}{\376\377\000T\000h\000e\000\040\000U\000n\000i\000f\000i\000e\000d\000\040\000I\000n\000v\000a\000r\000i\000a\000n\000t\000\040\000T\000h\000e\000o\000r\000e\000m}{chapter.31}% 378
\BOOKMARK [1][-]{section.31.8}{\376\377\000T\000h\000e\000\040\000G\000e\000n\000e\000r\000a\000t\000i\000v\000e\000\040\000D\000o\000m\000i\000n\000a\000t\000i\000o\000n\000\040\000T\000h\000e\000o\000r\000e\000m}{chapter.31}% 379
\BOOKMARK [1][-]{section.31.9}{\376\377\000C\000o\000m\000m\000o\000n\000\040\000I\000n\000v\000a\000r\000i\000a\000n\000t\000s\000\040\000R\000e\000c\000o\000v\000e\000r\000e\000d}{chapter.31}% 380
\BOOKMARK [1][-]{section.31.10}{\376\377\000R\000e\000l\000a\000t\000e\000d\000\040\000F\000r\000a\000m\000e\000w\000o\000r\000k\000s}{chapter.31}% 381
\BOOKMARK [1][-]{section.31.11}{\376\377\000C\000o\000n\000c\000l\000u\000s\000i\000o\000n}{chapter.31}% 382
\BOOKMARK [1][-]{section.31.12}{\376\377\000W\000h\000a\000t\000\040\000G\000e\000n\000e\000r\000a\000t\000i\000v\000e\000\040\000A\000d\000m\000i\000s\000s\000i\000b\000i\000l\000i\000t\000y\000\040\000D\000o\000e\000s\000\040\000N\000o\000t\000\040\000D\000e\000t\000e\000r\000m\000i\000n\000e}{chapter.31}% 383
\BOOKMARK [0][-]{appendix*.24}{\376\377\000M\000a\000t\000h\000e\000m\000a\000t\000i\000c\000a\000l\000\040\000P\000r\000e\000r\000e\000q\000u\000i\000s\000i\000t\000e\000s}{part.10}% 384
\BOOKMARK [1][-]{section.Alph0.1}{\376\377\000M\000e\000a\000s\000u\000r\000e\000-\000T\000h\000e\000o\000r\000e\000t\000i\000c\000\040\000F\000o\000u\000n\000d\000a\000t\000i\000o\000n\000s}{appendix*.24}% 385
\BOOKMARK [1][-]{section.Alph0.2}{\376\377\000I\000n\000f\000o\000r\000m\000a\000t\000i\000o\000n\000\040\000G\000e\000o\000m\000e\000t\000r\000y}{appendix*.24}% 386
\BOOKMARK [2][-]{subsection.Alph0.2.1}{\376\377\000S\000t\000a\000t\000i\000s\000t\000i\000c\000a\000l\000\040\000M\000a\000n\000i\000f\000o\000l\000d\000s}{section.Alph0.2}% 387
\BOOKMARK [2][-]{subsection.Alph0.2.2}{\376\377\000T\000h\000e\000\040\000F\000i\000s\000h\000e\000r\000\040\000I\000n\000f\000o\000r\000m\000a\000t\000i\000o\000n\000\040\000M\000e\000t\000r\000i\000c}{section.Alph0.2}% 388
\BOOKMARK [2][-]{subsection.Alph0.2.3}{\376\377\000C\000o\000n\000n\000e\000c\000t\000i\000o\000n\000s\000\040\000a\000n\000d\000\040\000G\000e\000o\000d\000e\000s\000i\000c\000s}{section.Alph0.2}% 389
\BOOKMARK [2][-]{subsection.Alph0.2.4}{\376\377\000C\000u\000r\000v\000a\000t\000u\000r\000e}{section.Alph0.2}% 390
\BOOKMARK [2][-]{subsection.Alph0.2.5}{\376\377\000A\000d\000m\000i\000s\000s\000i\000b\000i\000l\000i\000t\000y\000\040\000P\000o\000t\000e\000n\000t\000i\000a\000l\000s}{section.Alph0.2}% 391
\BOOKMARK [2][-]{subsection.Alph0.2.6}{\376\377\000P\000r\000o\000j\000e\000c\000t\000i\000o\000n\000\040\000G\000e\000o\000m\000e\000t\000r\000y}{section.Alph0.2}% 392
\BOOKMARK [2][-]{subsection.Alph0.2.7}{\376\377\000S\000u\000m\000m\000a\000r\000y}{section.Alph0.2}% 393
\BOOKMARK [1][-]{section.Alph0.3}{\376\377\000E\000n\000t\000r\000o\000p\000y}{appendix*.24}% 394
\BOOKMARK [2][-]{subsection.Alph0.3.1}{\376\377\000E\000n\000t\000r\000o\000p\000y\000\040\000a\000s\000\040\000H\000i\000d\000d\000e\000n\000\040\000M\000u\000l\000t\000i\000p\000l\000i\000c\000i\000t\000y}{section.Alph0.3}% 395
\BOOKMARK [2][-]{subsection.Alph0.3.2}{\376\377\000U\000n\000i\000f\000o\000r\000m\000\040\000D\000i\000s\000t\000i\000n\000c\000t\000i\000o\000n\000\040\000S\000p\000a\000c\000e\000s}{section.Alph0.3}% 396
\BOOKMARK [2][-]{subsection.Alph0.3.3}{\376\377\000C\000o\000n\000d\000i\000t\000i\000o\000n\000a\000l\000\040\000E\000n\000t\000r\000o\000p\000y}{section.Alph0.3}% 397
\BOOKMARK [2][-]{subsection.Alph0.3.4}{\376\377\000M\000u\000t\000u\000a\000l\000\040\000I\000n\000f\000o\000r\000m\000a\000t\000i\000o\000n}{section.Alph0.3}% 398
\BOOKMARK [2][-]{subsection.Alph0.3.5}{\376\377\000R\000e\000l\000a\000t\000i\000v\000e\000\040\000E\000n\000t\000r\000o\000p\000y\000\040\000a\000n\000d\000\040\000D\000i\000v\000e\000r\000g\000e\000n\000c\000e}{section.Alph0.3}% 399
\BOOKMARK [2][-]{subsection.Alph0.3.6}{\376\377\000B\000o\000l\000t\000z\000m\000a\000n\000n\000\040\000E\000n\000t\000r\000o\000p\000y}{section.Alph0.3}% 400
\BOOKMARK [2][-]{subsection.Alph0.3.7}{\376\377\000D\000i\000s\000t\000i\000n\000c\000t\000i\000o\000n\000\040\000E\000n\000t\000r\000o\000p\000y}{section.Alph0.3}% 401
\BOOKMARK [2][-]{subsection.Alph0.3.8}{\376\377\000E\000n\000t\000r\000o\000p\000y\000\040\000P\000r\000o\000d\000u\000c\000t\000i\000o\000n}{section.Alph0.3}% 402
\BOOKMARK [2][-]{subsection.Alph0.3.9}{\376\377\000T\000h\000e\000\040\000D\000i\000s\000t\000i\000n\000c\000t\000i\000o\000n\000\040\000F\000o\000r\000m\000\040\000o\000f\000\040\000t\000h\000e\000\040\000S\000e\000c\000o\000n\000d\000\040\000L\000a\000w}{section.Alph0.3}% 403
\BOOKMARK [2][-]{subsection.Alph0.3.10}{\376\377\000E\000n\000t\000r\000o\000p\000y\000,\000\040\000P\000r\000o\000j\000e\000c\000t\000i\000o\000n\000,\000\040\000a\000n\000d\000\040\000C\000o\000m\000p\000r\000e\000s\000s\000i\000o\000n}{section.Alph0.3}% 404
\BOOKMARK [2][-]{subsection.Alph0.3.11}{\376\377\000S\000u\000m\000m\000a\000r\000y}{section.Alph0.3}% 405
\BOOKMARK [1][-]{section.Alph0.4}{\376\377\000D\000y\000n\000a\000m\000i\000c\000a\000l\000\040\000S\000y\000s\000t\000e\000m\000s}{appendix*.24}% 406
\BOOKMARK [2][-]{subsection.Alph0.4.1}{\376\377\000C\000o\000n\000t\000i\000n\000u\000o\000u\000s\000\040\000D\000y\000n\000a\000m\000i\000c\000a\000l\000\040\000S\000y\000s\000t\000e\000m\000s}{section.Alph0.4}% 407
\BOOKMARK [2][-]{subsection.Alph0.4.2}{\376\377\000F\000i\000x\000e\000d\000\040\000P\000o\000i\000n\000t\000s}{section.Alph0.4}% 408
\BOOKMARK [2][-]{subsection.Alph0.4.3}{\376\377\000L\000i\000n\000e\000a\000r\000i\000s\000a\000t\000i\000o\000n}{section.Alph0.4}% 409
\BOOKMARK [2][-]{subsection.Alph0.4.4}{\376\377\000E\000i\000g\000e\000n\000v\000a\000l\000u\000e\000\040\000S\000t\000a\000b\000i\000l\000i\000t\000y}{section.Alph0.4}% 410
\BOOKMARK [2][-]{subsection.Alph0.4.5}{\376\377\000L\000y\000a\000p\000u\000n\000o\000v\000\040\000S\000t\000a\000b\000i\000l\000i\000t\000y}{section.Alph0.4}% 411
\BOOKMARK [2][-]{subsection.Alph0.4.6}{\376\377\000D\000i\000s\000t\000i\000n\000c\000t\000i\000o\000n\000\040\000D\000y\000n\000a\000m\000i\000c\000s}{section.Alph0.4}% 412
\BOOKMARK [2][-]{subsection.Alph0.4.7}{\376\377\000R\000e\000p\000a\000i\000r\000\040\000D\000y\000n\000a\000m\000i\000c\000s}{section.Alph0.4}% 413
\BOOKMARK [2][-]{subsection.Alph0.4.8}{\376\377\000R\000e\000g\000e\000n\000e\000r\000a\000t\000i\000o\000n\000\040\000D\000y\000n\000a\000m\000i\000c\000s}{section.Alph0.4}% 414
\BOOKMARK [2][-]{subsection.Alph0.4.9}{\376\377\000R\000e\000a\000c\000h\000a\000b\000i\000l\000i\000t\000y\000\040\000D\000y\000n\000a\000m\000i\000c\000s}{section.Alph0.4}% 415
\BOOKMARK [2][-]{subsection.Alph0.4.10}{\376\377\000A\000d\000m\000i\000s\000s\000i\000b\000i\000l\000i\000t\000y\000\040\000a\000s\000\040\000a\000\040\000L\000y\000a\000p\000u\000n\000o\000v\000\040\000Q\000u\000a\000n\000t\000i\000t\000y}{section.Alph0.4}% 416
\BOOKMARK [2][-]{subsection.Alph0.4.11}{\376\377\000S\000u\000m\000m\000a\000r\000y}{section.Alph0.4}% 417
\BOOKMARK [1][-]{section.Alph0.5}{\376\377\000C\000a\000t\000e\000g\000o\000r\000y\000-\000T\000h\000e\000o\000r\000e\000t\000i\000c\000\040\000S\000t\000r\000u\000c\000t\000u\000r\000e\000s}{appendix*.24}% 418
\BOOKMARK [2][-]{subsection.Alph0.5.1}{\376\377\000C\000a\000t\000e\000g\000o\000r\000i\000e\000s}{section.Alph0.5}% 419
\BOOKMARK [2][-]{subsection.Alph0.5.2}{\376\377\000D\000i\000s\000t\000i\000n\000c\000t\000i\000o\000n\000\040\000S\000t\000r\000u\000c\000t\000u\000r\000e\000s\000\040\000a\000s\000\040\000O\000b\000j\000e\000c\000t\000s}{section.Alph0.5}% 420
\BOOKMARK [2][-]{subsection.Alph0.5.3}{\376\377\000H\000i\000s\000t\000o\000r\000i\000e\000s\000\040\000a\000n\000d\000\040\000P\000r\000o\000c\000e\000s\000s\000e\000s}{section.Alph0.5}% 421
\BOOKMARK [2][-]{subsection.Alph0.5.4}{\376\377\000R\000e\000p\000a\000i\000r\000\040\000C\000a\000t\000e\000g\000o\000r\000i\000e\000s}{section.Alph0.5}% 422
\BOOKMARK [2][-]{subsection.Alph0.5.5}{\376\377\000R\000e\000c\000o\000v\000e\000r\000a\000b\000i\000l\000i\000t\000y\000\040\000F\000u\000n\000c\000t\000o\000r\000s}{section.Alph0.5}% 423
\BOOKMARK [2][-]{subsection.Alph0.5.6}{\376\377\000M\000e\000m\000o\000r\000y\000\040\000a\000s\000\040\000a\000\040\000F\000u\000n\000c\000t\000o\000r}{section.Alph0.5}% 424
\BOOKMARK [2][-]{subsection.Alph0.5.7}{\376\377\000N\000a\000t\000u\000r\000a\000l\000\040\000T\000r\000a\000n\000s\000f\000o\000r\000m\000a\000t\000i\000o\000n\000s}{section.Alph0.5}% 425
\BOOKMARK [2][-]{subsection.Alph0.5.8}{\376\377\000M\000o\000n\000o\000i\000d\000a\000l\000\040\000S\000t\000r\000u\000c\000t\000u\000r\000e}{section.Alph0.5}% 426
\BOOKMARK [2][-]{subsection.Alph0.5.9}{\376\377\000L\000i\000m\000i\000t\000s\000\040\000a\000n\000d\000\040\000E\000m\000e\000r\000g\000e\000n\000c\000e}{section.Alph0.5}% 427
\BOOKMARK [2][-]{subsection.Alph0.5.10}{\376\377\000R\000e\000g\000e\000n\000e\000r\000a\000t\000i\000v\000e\000\040\000C\000a\000t\000e\000g\000o\000r\000i\000e\000s}{section.Alph0.5}% 428
\BOOKMARK [2][-]{subsection.Alph0.5.11}{\376\377\000A\000d\000m\000i\000s\000s\000i\000b\000i\000l\000i\000t\000y\000\040\000C\000a\000t\000e\000g\000o\000r\000i\000e\000s}{section.Alph0.5}% 429
\BOOKMARK [2][-]{subsection.Alph0.5.12}{\376\377\000S\000u\000m\000m\000a\000r\000y}{section.Alph0.5}% 430
\BOOKMARK [1][-]{section.Alph0.6}{\376\377\000T\000o\000p\000o\000l\000o\000g\000y}{appendix*.24}% 431
\BOOKMARK [2][-]{subsection.Alph0.6.1}{\376\377\000T\000o\000p\000o\000l\000o\000g\000i\000c\000a\000l\000\040\000S\000p\000a\000c\000e\000s}{section.Alph0.6}% 432
\BOOKMARK [2][-]{subsection.Alph0.6.2}{\376\377\000I\000n\000t\000e\000r\000i\000o\000r\000,\000\040\000C\000l\000o\000s\000u\000r\000e\000,\000\040\000a\000n\000d\000\040\000B\000o\000u\000n\000d\000a\000r\000y}{section.Alph0.6}% 433
\BOOKMARK [2][-]{subsection.Alph0.6.3}{\376\377\000T\000o\000p\000o\000l\000o\000g\000i\000c\000a\000l\000\040\000I\000n\000t\000e\000r\000p\000r\000e\000t\000a\000t\000i\000o\000n\000\040\000o\000f\000\040\000D\000i\000s\000t\000i\000n\000c\000t\000i\000o\000n\000s}{section.Alph0.6}% 434
\BOOKMARK [2][-]{subsection.Alph0.6.4}{\376\377\000C\000o\000n\000n\000e\000c\000t\000e\000d\000n\000e\000s\000s}{section.Alph0.6}% 435
\BOOKMARK [2][-]{subsection.Alph0.6.5}{\376\377\000C\000o\000m\000p\000a\000c\000t\000n\000e\000s\000s}{section.Alph0.6}% 436
\BOOKMARK [2][-]{subsection.Alph0.6.6}{\376\377\000T\000o\000p\000o\000l\000o\000g\000i\000c\000a\000l\000\040\000P\000h\000a\000s\000e\000\040\000T\000r\000a\000n\000s\000i\000t\000i\000o\000n\000s}{section.Alph0.6}% 437
\BOOKMARK [2][-]{subsection.Alph0.6.7}{\376\377\000R\000e\000a\000c\000h\000a\000b\000i\000l\000i\000t\000y\000\040\000T\000o\000p\000o\000l\000o\000g\000y}{section.Alph0.6}% 438
\BOOKMARK [2][-]{subsection.Alph0.6.8}{\376\377\000A\000d\000m\000i\000s\000s\000i\000b\000i\000l\000i\000t\000y\000\040\000R\000e\000g\000i\000o\000n\000s}{section.Alph0.6}% 439
\BOOKMARK [2][-]{subsection.Alph0.6.9}{\376\377\000B\000o\000u\000n\000d\000a\000r\000y\000\040\000C\000r\000o\000s\000s\000i\000n\000g\000\040\000T\000h\000e\000o\000r\000e\000m}{section.Alph0.6}% 440
\BOOKMARK [2][-]{subsection.Alph0.6.10}{\376\377\000H\000o\000m\000o\000t\000o\000p\000y\000\040\000a\000n\000d\000\040\000S\000t\000r\000u\000c\000t\000u\000r\000a\000l\000\040\000E\000q\000u\000i\000v\000a\000l\000e\000n\000c\000e}{section.Alph0.6}% 441
\BOOKMARK [2][-]{subsection.Alph0.6.11}{\376\377\000T\000o\000p\000o\000l\000o\000g\000y\000\040\000o\000f\000\040\000R\000e\000g\000e\000n\000e\000r\000a\000t\000i\000o\000n}{section.Alph0.6}% 442
\BOOKMARK [2][-]{subsection.Alph0.6.12}{\376\377\000S\000u\000m\000m\000a\000r\000y}{section.Alph0.6}% 443
\BOOKMARK [1][-]{section.Alph0.7}{\376\377\000D\000i\000f\000f\000e\000r\000e\000n\000t\000i\000a\000l\000\040\000G\000e\000o\000m\000e\000t\000r\000y}{appendix*.24}% 444
\BOOKMARK [2][-]{subsection.Alph0.7.1}{\376\377\000S\000m\000o\000o\000t\000h\000\040\000M\000a\000n\000i\000f\000o\000l\000d\000s}{section.Alph0.7}% 445
\BOOKMARK [2][-]{subsection.Alph0.7.2}{\376\377\000T\000a\000n\000g\000e\000n\000t\000\040\000S\000p\000a\000c\000e\000s}{section.Alph0.7}% 446
\BOOKMARK [2][-]{subsection.Alph0.7.3}{\376\377\000C\000o\000t\000a\000n\000g\000e\000n\000t\000\040\000S\000p\000a\000c\000e\000s}{section.Alph0.7}% 447
\BOOKMARK [2][-]{subsection.Alph0.7.4}{\376\377\000D\000i\000f\000f\000e\000r\000e\000n\000t\000i\000a\000l\000\040\000F\000o\000r\000m\000s}{section.Alph0.7}% 448
\BOOKMARK [2][-]{subsection.Alph0.7.5}{\376\377\000E\000x\000t\000e\000r\000i\000o\000r\000\040\000D\000i\000f\000f\000e\000r\000e\000n\000t\000i\000a\000t\000i\000o\000n}{section.Alph0.7}% 449
\BOOKMARK [2][-]{subsection.Alph0.7.6}{\376\377\000V\000e\000c\000t\000o\000r\000\040\000F\000i\000e\000l\000d\000s\000\040\000a\000n\000d\000\040\000F\000l\000o\000w\000s}{section.Alph0.7}% 450
\BOOKMARK [2][-]{subsection.Alph0.7.7}{\376\377\000L\000i\000e\000\040\000D\000e\000r\000i\000v\000a\000t\000i\000v\000e\000s}{section.Alph0.7}% 451
\BOOKMARK [2][-]{subsection.Alph0.7.8}{\376\377\000R\000i\000e\000m\000a\000n\000n\000i\000a\000n\000\040\000G\000e\000o\000m\000e\000t\000r\000y}{section.Alph0.7}% 452
\BOOKMARK [2][-]{subsection.Alph0.7.9}{\376\377\000C\000o\000n\000n\000e\000c\000t\000i\000o\000n\000s\000\040\000a\000n\000d\000\040\000P\000a\000r\000a\000l\000l\000e\000l\000\040\000T\000r\000a\000n\000s\000p\000o\000r\000t}{section.Alph0.7}% 453
\BOOKMARK [2][-]{subsection.Alph0.7.10}{\376\377\000C\000u\000r\000v\000a\000t\000u\000r\000e}{section.Alph0.7}% 454
\BOOKMARK [2][-]{subsection.Alph0.7.11}{\376\377\000T\000h\000e\000\040\000A\000d\000m\000i\000s\000s\000i\000b\000i\000l\000i\000t\000y\000\040\000M\000a\000n\000i\000f\000o\000l\000d}{section.Alph0.7}% 455
\BOOKMARK [2][-]{subsection.Alph0.7.12}{\376\377\000T\000h\000e\000\040\000M\000e\000a\000n\000i\000n\000g\000\040\000M\000a\000n\000i\000f\000o\000l\000d}{section.Alph0.7}% 456
\BOOKMARK [2][-]{subsection.Alph0.7.13}{\376\377\000S\000u\000m\000m\000a\000r\000y}{section.Alph0.7}% 457
\BOOKMARK [1][-]{section.Alph0.8}{\376\377\000S\000p\000e\000c\000t\000r\000a\000l\000\040\000T\000h\000e\000o\000r\000y}{appendix*.24}% 458
\BOOKMARK [2][-]{subsection.Alph0.8.1}{\376\377\000L\000i\000n\000e\000a\000r\000\040\000O\000p\000e\000r\000a\000t\000o\000r\000s}{section.Alph0.8}% 459
\BOOKMARK [2][-]{subsection.Alph0.8.2}{\376\377\000E\000i\000g\000e\000n\000v\000a\000l\000u\000e\000s\000\040\000a\000n\000d\000\040\000E\000i\000g\000e\000n\000v\000e\000c\000t\000o\000r\000s}{section.Alph0.8}% 460
\BOOKMARK [2][-]{subsection.Alph0.8.3}{\376\377\000S\000p\000e\000c\000t\000r\000a\000l\000\040\000D\000e\000c\000o\000m\000p\000o\000s\000i\000t\000i\000o\000n}{section.Alph0.8}% 461
\BOOKMARK [2][-]{subsection.Alph0.8.4}{\376\377\000D\000y\000n\000a\000m\000i\000c\000a\000l\000\040\000I\000n\000t\000e\000r\000p\000r\000e\000t\000a\000t\000i\000o\000n}{section.Alph0.8}% 462
\BOOKMARK [2][-]{subsection.Alph0.8.5}{\376\377\000G\000r\000a\000p\000h\000\040\000L\000a\000p\000l\000a\000c\000i\000a\000n\000s}{section.Alph0.8}% 463
\BOOKMARK [2][-]{subsection.Alph0.8.6}{\376\377\000P\000r\000o\000p\000e\000r\000t\000i\000e\000s\000\040\000o\000f\000\040\000t\000h\000e\000\040\000G\000r\000a\000p\000h\000\040\000L\000a\000p\000l\000a\000c\000i\000a\000n}{section.Alph0.8}% 464
\BOOKMARK [2][-]{subsection.Alph0.8.7}{\376\377\000C\000o\000n\000n\000e\000c\000t\000i\000v\000i\000t\000y\000\040\000a\000n\000d\000\040\000t\000h\000e\000\040\000Z\000e\000r\000o\000\040\000E\000i\000g\000e\000n\000v\000a\000l\000u\000e}{section.Alph0.8}% 465
\BOOKMARK [2][-]{subsection.Alph0.8.8}{\376\377\000S\000p\000e\000c\000t\000r\000a\000l\000\040\000G\000a\000p}{section.Alph0.8}% 466
\BOOKMARK [2][-]{subsection.Alph0.8.9}{\376\377\000S\000p\000e\000c\000t\000r\000a\000l\000\040\000S\000t\000a\000b\000i\000l\000i\000t\000y}{section.Alph0.8}% 467
\BOOKMARK [2][-]{subsection.Alph0.8.10}{\376\377\000D\000i\000f\000f\000u\000s\000i\000o\000n\000\040\000a\000n\000d\000\040\000R\000e\000p\000a\000i\000r}{section.Alph0.8}% 468
\BOOKMARK [2][-]{subsection.Alph0.8.11}{\376\377\000S\000e\000m\000a\000n\000t\000i\000c\000\040\000S\000p\000e\000c\000t\000r\000a}{section.Alph0.8}% 469
\BOOKMARK [2][-]{subsection.Alph0.8.12}{\376\377\000E\000c\000o\000l\000o\000g\000i\000c\000a\000l\000\040\000S\000p\000e\000c\000t\000r\000a}{section.Alph0.8}% 470
\BOOKMARK [2][-]{subsection.Alph0.8.13}{\376\377\000R\000e\000g\000e\000n\000e\000r\000a\000t\000i\000v\000e\000\040\000S\000p\000e\000c\000t\000r\000a\000l\000\040\000C\000r\000i\000t\000e\000r\000i\000o\000n}{section.Alph0.8}% 471
\BOOKMARK [2][-]{subsection.Alph0.8.14}{\376\377\000S\000p\000e\000c\000t\000r\000a\000l\000\040\000R\000e\000a\000c\000h\000a\000b\000i\000l\000i\000t\000y}{section.Alph0.8}% 472
\BOOKMARK [2][-]{subsection.Alph0.8.15}{\376\377\000S\000u\000m\000m\000a\000r\000y}{section.Alph0.8}% 473
\BOOKMARK [1][-]{section.Alph0.9}{\376\377\000O\000p\000t\000i\000m\000a\000l\000\040\000T\000r\000a\000n\000s\000p\000o\000r\000t}{appendix*.24}% 474
\BOOKMARK [2][-]{subsection.Alph0.9.1}{\376\377\000T\000h\000e\000\040\000M\000o\000n\000g\000e\000\040\000P\000r\000o\000b\000l\000e\000m}{section.Alph0.9}% 475
\BOOKMARK [2][-]{subsection.Alph0.9.2}{\376\377\000T\000h\000e\000\040\000K\000a\000n\000t\000o\000r\000o\000v\000i\000c\000h\000\040\000R\000e\000l\000a\000x\000a\000t\000i\000o\000n}{section.Alph0.9}% 476
\BOOKMARK [2][-]{subsection.Alph0.9.3}{\376\377\000W\000a\000s\000s\000e\000r\000s\000t\000e\000i\000n\000\040\000D\000i\000s\000t\000a\000n\000c\000e}{section.Alph0.9}% 477
\BOOKMARK [2][-]{subsection.Alph0.9.4}{\376\377\000T\000h\000e\000\040\000E\000a\000r\000t\000h\000\040\000M\000o\000v\000e\000r\000\040\000I\000n\000t\000e\000r\000p\000r\000e\000t\000a\000t\000i\000o\000n}{section.Alph0.9}% 478
\BOOKMARK [2][-]{subsection.Alph0.9.5}{\376\377\000G\000e\000o\000d\000e\000s\000i\000c\000s\000\040\000i\000n\000\040\000P\000r\000o\000b\000a\000b\000i\000l\000i\000t\000y\000\040\000S\000p\000a\000c\000e}{section.Alph0.9}% 479
\BOOKMARK [2][-]{subsection.Alph0.9.6}{\376\377\000R\000e\000p\000a\000i\000r\000\040\000a\000s\000\040\000T\000r\000a\000n\000s\000p\000o\000r\000t}{section.Alph0.9}% 480
\BOOKMARK [2][-]{subsection.Alph0.9.7}{\376\377\000R\000e\000c\000o\000v\000e\000r\000a\000b\000i\000l\000i\000t\000y\000\040\000a\000n\000d\000\040\000T\000r\000a\000n\000s\000p\000o\000r\000t\000\040\000D\000i\000s\000t\000a\000n\000c\000e}{section.Alph0.9}% 481
\BOOKMARK [2][-]{subsection.Alph0.9.8}{\376\377\000R\000e\000p\000a\000i\000r\000\040\000F\000l\000o\000w\000s}{section.Alph0.9}% 482
\BOOKMARK [2][-]{subsection.Alph0.9.9}{\376\377\000G\000r\000a\000d\000i\000e\000n\000t\000\040\000F\000l\000o\000w\000s}{section.Alph0.9}% 483
\BOOKMARK [2][-]{subsection.Alph0.9.10}{\376\377\000T\000r\000a\000n\000s\000p\000o\000r\000t\000\040\000a\000n\000d\000\040\000R\000e\000a\000c\000h\000a\000b\000i\000l\000i\000t\000y}{section.Alph0.9}% 484
\BOOKMARK [2][-]{subsection.Alph0.9.11}{\376\377\000T\000r\000a\000n\000s\000p\000o\000r\000t\000\040\000a\000n\000d\000\040\000A\000d\000m\000i\000s\000s\000i\000b\000i\000l\000i\000t\000y}{section.Alph0.9}% 485
\BOOKMARK [2][-]{subsection.Alph0.9.12}{\376\377\000T\000r\000a\000n\000s\000p\000o\000r\000t\000,\000\040\000M\000e\000m\000o\000r\000y\000,\000\040\000a\000n\000d\000\040\000R\000e\000c\000o\000n\000s\000t\000r\000u\000c\000t\000i\000o\000n}{section.Alph0.9}% 486
\BOOKMARK [2][-]{subsection.Alph0.9.13}{\376\377\000S\000u\000m\000m\000a\000r\000y}{section.Alph0.9}% 487
\BOOKMARK [1][-]{section.Alph0.10}{\376\377\000L\000a\000r\000g\000e\000-\000D\000e\000v\000i\000a\000t\000i\000o\000n\000\040\000T\000h\000e\000o\000r\000y}{appendix*.24}% 488
\BOOKMARK [2][-]{subsection.Alph0.10.1}{\376\377\000R\000a\000r\000e\000\040\000E\000v\000e\000n\000t\000s\000\040\000a\000n\000d\000\040\000E\000x\000p\000o\000n\000e\000n\000t\000i\000a\000l\000\040\000S\000c\000a\000l\000i\000n\000g}{section.Alph0.10}% 489
\BOOKMARK [2][-]{subsection.Alph0.10.2}{\376\377\000L\000a\000r\000g\000e\000-\000D\000e\000v\000i\000a\000t\000i\000o\000n\000\040\000P\000r\000i\000n\000c\000i\000p\000l\000e}{section.Alph0.10}% 490
\BOOKMARK [2][-]{subsection.Alph0.10.3}{\376\377\000T\000h\000e\000\040\000L\000a\000w\000\040\000o\000f\000\040\000L\000a\000r\000g\000e\000\040\000N\000u\000m\000b\000e\000r\000s\000\040\000a\000s\000\040\000a\000\040\000S\000p\000e\000c\000i\000a\000l\000\040\000C\000a\000s\000e}{section.Alph0.10}% 491
\BOOKMARK [2][-]{subsection.Alph0.10.4}{\376\377\000R\000a\000t\000e\000\040\000F\000u\000n\000c\000t\000i\000o\000n\000s\000\040\000a\000s\000\040\000G\000e\000o\000m\000e\000t\000r\000i\000c\000\040\000P\000o\000t\000e\000n\000t\000i\000a\000l\000s}{section.Alph0.10}% 492
\BOOKMARK [2][-]{subsection.Alph0.10.5}{\376\377\000P\000a\000t\000h\000\040\000S\000p\000a\000c\000e\000\040\000L\000a\000r\000g\000e\000\040\000D\000e\000v\000i\000a\000t\000i\000o\000n\000s}{section.Alph0.10}% 493
\BOOKMARK [2][-]{subsection.Alph0.10.6}{\376\377\000F\000r\000e\000i\000d\000l\000i\000n\040\023\000W\000e\000n\000t\000z\000e\000l\000l\000\040\000T\000h\000e\000o\000r\000y}{section.Alph0.10}% 494
\BOOKMARK [2][-]{subsection.Alph0.10.7}{\376\377\000M\000e\000t\000a\000s\000t\000a\000b\000i\000l\000i\000t\000y}{section.Alph0.10}% 495
\BOOKMARK [2][-]{subsection.Alph0.10.8}{\376\377\000D\000i\000s\000t\000i\000n\000c\000t\000i\000o\000n\000\040\000C\000o\000l\000l\000a\000p\000s\000e\000\040\000a\000s\000\040\000a\000\040\000R\000a\000r\000e\000\040\000E\000v\000e\000n\000t}{section.Alph0.10}% 496
\BOOKMARK [2][-]{subsection.Alph0.10.9}{\376\377\000R\000e\000p\000a\000i\000r\000\040\000a\000n\000d\000\040\000A\000c\000t\000i\000o\000n\000\040\000M\000i\000n\000i\000m\000i\000z\000a\000t\000i\000o\000n}{section.Alph0.10}% 497
\BOOKMARK [2][-]{subsection.Alph0.10.10}{\376\377\000A\000d\000m\000i\000s\000s\000i\000b\000i\000l\000i\000t\000y\000\040\000T\000r\000a\000n\000s\000i\000t\000i\000o\000n\000s}{section.Alph0.10}% 498
\BOOKMARK [2][-]{subsection.Alph0.10.11}{\376\377\000Q\000u\000a\000s\000i\000p\000o\000t\000e\000n\000t\000i\000a\000l\000s}{section.Alph0.10}% 499
\BOOKMARK [2][-]{subsection.Alph0.10.12}{\376\377\000R\000e\000a\000c\000h\000a\000b\000i\000l\000i\000t\000y\000\040\000a\000n\000d\000\040\000L\000a\000r\000g\000e\000\040\000D\000e\000v\000i\000a\000t\000i\000o\000n\000s}{section.Alph0.10}% 500
\BOOKMARK [2][-]{subsection.Alph0.10.13}{\376\377\000G\000e\000n\000e\000r\000a\000t\000i\000v\000e\000\040\000A\000d\000m\000i\000s\000s\000i\000b\000i\000l\000i\000t\000y}{section.Alph0.10}% 501
\BOOKMARK [2][-]{subsection.Alph0.10.14}{\376\377\000S\000u\000m\000m\000a\000r\000y}{section.Alph0.10}% 502
\BOOKMARK [1][-]{section.Alph0.11}{\376\377\000G\000e\000o\000m\000e\000t\000r\000i\000c\000\040\000R\000e\000a\000c\000h\000a\000b\000i\000l\000i\000t\000y}{appendix*.24}% 503
\BOOKMARK [2][-]{subsection.Alph0.11.1}{\376\377\000C\000o\000n\000t\000r\000o\000l\000\040\000S\000y\000s\000t\000e\000m\000s}{section.Alph0.11}% 504
\BOOKMARK [2][-]{subsection.Alph0.11.2}{\376\377\000R\000e\000a\000c\000h\000a\000b\000l\000e\000\040\000S\000e\000t\000s}{section.Alph0.11}% 505
\BOOKMARK [2][-]{subsection.Alph0.11.3}{\376\377\000R\000e\000a\000c\000h\000a\000b\000i\000l\000i\000t\000y\000\040\000V\000o\000l\000u\000m\000e}{section.Alph0.11}% 506
\BOOKMARK [2][-]{subsection.Alph0.11.4}{\376\377\000M\000o\000n\000o\000t\000o\000n\000i\000c\000i\000t\000y\000\040\000o\000f\000\040\000R\000e\000a\000c\000h\000a\000b\000i\000l\000i\000t\000y}{section.Alph0.11}% 507
\BOOKMARK [2][-]{subsection.Alph0.11.5}{\376\377\000R\000e\000a\000c\000h\000a\000b\000i\000l\000i\000t\000y\000\040\000E\000n\000t\000r\000o\000p\000y}{section.Alph0.11}% 508
\BOOKMARK [2][-]{subsection.Alph0.11.6}{\376\377\000R\000e\000a\000c\000h\000a\000b\000i\000l\000i\000t\000y\000\040\000a\000s\000\040\000D\000i\000s\000t\000i\000n\000c\000t\000i\000o\000n\000\040\000C\000a\000p\000a\000c\000i\000t\000y}{section.Alph0.11}% 509
\BOOKMARK [2][-]{subsection.Alph0.11.7}{\376\377\000B\000o\000u\000n\000d\000a\000r\000y\000\040\000S\000t\000r\000u\000c\000t\000u\000r\000e}{section.Alph0.11}% 510
\BOOKMARK [2][-]{subsection.Alph0.11.8}{\376\377\000B\000o\000u\000n\000d\000a\000r\000y\000\040\000C\000o\000l\000l\000a\000p\000s\000e}{section.Alph0.11}% 511
\BOOKMARK [2][-]{subsection.Alph0.11.9}{\376\377\000R\000e\000a\000c\000h\000a\000b\000i\000l\000i\000t\000y\000\040\000a\000n\000d\000\040\000I\000n\000t\000e\000l\000l\000i\000g\000e\000n\000c\000e}{section.Alph0.11}% 512
\BOOKMARK [2][-]{subsection.Alph0.11.10}{\376\377\000R\000e\000a\000c\000h\000a\000b\000i\000l\000i\000t\000y\000\040\000a\000n\000d\000\040\000R\000e\000p\000a\000i\000r}{section.Alph0.11}% 513
\BOOKMARK [2][-]{subsection.Alph0.11.11}{\376\377\000R\000e\000a\000c\000h\000a\000b\000i\000l\000i\000t\000y\000\040\000a\000n\000d\000\040\000R\000e\000g\000e\000n\000e\000r\000a\000t\000i\000o\000n}{section.Alph0.11}% 514
\BOOKMARK [2][-]{subsection.Alph0.11.12}{\376\377\000R\000e\000a\000c\000h\000a\000b\000i\000l\000i\000t\000y\000\040\000a\000n\000d\000\040\000A\000d\000m\000i\000s\000s\000i\000b\000i\000l\000i\000t\000y}{section.Alph0.11}% 515
\BOOKMARK [2][-]{subsection.Alph0.11.13}{\376\377\000T\000h\000e\000\040\000R\000e\000a\000c\000h\000a\000b\000i\000l\000i\000t\000y\000\040\000P\000r\000i\000n\000c\000i\000p\000l\000e}{section.Alph0.11}% 516
\BOOKMARK [2][-]{subsection.Alph0.11.14}{\376\377\000S\000u\000m\000m\000a\000r\000y}{section.Alph0.11}% 517
\BOOKMARK [1][-]{section.Alph0.12}{\376\377\000A\000d\000m\000i\000s\000s\000i\000b\000i\000l\000i\000t\000y\000\040\000G\000e\000o\000m\000e\000t\000r\000y}{appendix*.24}% 518
\BOOKMARK [2][-]{subsection.Alph0.12.1}{\376\377\000T\000h\000e\000\040\000A\000d\000m\000i\000s\000s\000i\000b\000l\000e\000\040\000R\000e\000g\000i\000o\000n}{section.Alph0.12}% 519
\BOOKMARK [2][-]{subsection.Alph0.12.2}{\376\377\000A\000d\000m\000i\000s\000s\000i\000b\000i\000l\000i\000t\000y\000\040\000V\000o\000l\000u\000m\000e}{section.Alph0.12}% 520
\BOOKMARK [2][-]{subsection.Alph0.12.3}{\376\377\000A\000d\000m\000i\000s\000s\000i\000b\000i\000l\000i\000t\000y\000\040\000E\000n\000t\000r\000o\000p\000y}{section.Alph0.12}% 521
\BOOKMARK [2][-]{subsection.Alph0.12.4}{\376\377\000L\000o\000c\000a\000l\000\040\000A\000d\000m\000i\000s\000s\000i\000b\000i\000l\000i\000t\000y\000\040\000S\000t\000r\000u\000c\000t\000u\000r\000e}{section.Alph0.12}% 522
\BOOKMARK [2][-]{subsection.Alph0.12.5}{\376\377\000A\000d\000m\000i\000s\000s\000i\000b\000i\000l\000i\000t\000y\000\040\000C\000u\000r\000v\000a\000t\000u\000r\000e}{section.Alph0.12}% 523
\BOOKMARK [2][-]{subsection.Alph0.12.6}{\376\377\000I\000n\000t\000e\000r\000p\000r\000e\000t\000a\000t\000i\000o\000n\000\040\000o\000f\000\040\000C\000u\000r\000v\000a\000t\000u\000r\000e}{section.Alph0.12}% 524
\BOOKMARK [2][-]{subsection.Alph0.12.7}{\376\377\000B\000o\000u\000n\000d\000a\000r\000y\000\040\000G\000e\000o\000m\000e\000t\000r\000y}{section.Alph0.12}% 525
\BOOKMARK [2][-]{subsection.Alph0.12.8}{\376\377\000T\000h\000e\000\040\000A\000d\000m\000i\000s\000s\000i\000b\000i\000l\000i\000t\000y\000\040\000G\000r\000a\000d\000i\000e\000n\000t}{section.Alph0.12}% 526
\BOOKMARK [2][-]{subsection.Alph0.12.9}{\376\377\000A\000d\000m\000i\000s\000s\000i\000b\000l\000e\000\040\000F\000l\000o\000w\000s}{section.Alph0.12}% 527
\BOOKMARK [2][-]{subsection.Alph0.12.10}{\376\377\000G\000e\000n\000e\000r\000a\000t\000i\000v\000e\000\040\000A\000d\000m\000i\000s\000s\000i\000b\000i\000l\000i\000t\000y}{section.Alph0.12}% 528
\BOOKMARK [2][-]{subsection.Alph0.12.11}{\376\377\000T\000h\000e\000\040\000C\000o\000l\000l\000a\000p\000s\000e\000\040\000C\000o\000n\000d\000i\000t\000i\000o\000n}{section.Alph0.12}% 529
\BOOKMARK [2][-]{subsection.Alph0.12.12}{\376\377\000A\000d\000m\000i\000s\000s\000i\000b\000i\000l\000i\000t\000y\000\040\000a\000n\000d\000\040\000R\000e\000a\000c\000h\000a\000b\000i\000l\000i\000t\000y}{section.Alph0.12}% 530
\BOOKMARK [2][-]{subsection.Alph0.12.13}{\376\377\000A\000d\000m\000i\000s\000s\000i\000b\000i\000l\000i\000t\000y\000\040\000a\000n\000d\000\040\000I\000n\000t\000e\000l\000l\000i\000g\000e\000n\000c\000e}{section.Alph0.12}% 531
\BOOKMARK [2][-]{subsection.Alph0.12.14}{\376\377\000F\000u\000n\000d\000a\000m\000e\000n\000t\000a\000l\000\040\000P\000r\000i\000n\000c\000i\000p\000l\000e}{section.Alph0.12}% 532
\BOOKMARK [2][-]{subsection.Alph0.12.15}{\376\377\000S\000u\000m\000m\000a\000r\000y}{section.Alph0.12}% 533
\BOOKMARK [1][-]{section.Alph0.13}{\376\377\000D\000e\000p\000e\000n\000d\000e\000n\000c\000y\000\040\000S\000t\000r\000u\000c\000t\000u\000r\000e\000\040\000o\000f\000\040\000C\000o\000r\000e\000\040\000Q\000u\000a\000n\000t\000i\000t\000i\000e\000s}{appendix*.24}% 534
\BOOKMARK [1][-]{section.Alph0.14}{\376\377\000M\000a\000s\000t\000e\000r\000\040\000D\000e\000p\000e\000n\000d\000e\000n\000c\000y\000\040\000C\000h\000a\000i\000n}{appendix*.24}% 535
\BOOKMARK [1][-]{section.Alph0.15}{\376\377\000N\000o\000t\000a\000t\000i\000o\000n\000\040\000T\000a\000b\000l\000e}{appendix*.24}% 536
\BOOKMARK [0][-]{appendix*.25}{\376\377\000C\000o\000m\000p\000u\000t\000a\000t\000i\000o\000n\000a\000l\000\040\000T\000o\000o\000l\000s}{part.10}% 537
\BOOKMARK [1][-]{section.Alph0.16}{\376\377\000C\000o\000m\000p\000u\000t\000a\000t\000i\000o\000n\000\040\000a\000s\000\040\000D\000i\000s\000t\000i\000n\000c\000t\000i\000o\000n\000\040\000T\000r\000a\000n\000s\000f\000o\000r\000m\000a\000t\000i\000o\000n}{appendix*.25}% 538
\BOOKMARK [1][-]{section.Alph0.17}{\376\377\000F\000l\000o\000w\000\040\000C\000o\000m\000p\000u\000t\000i\000n\000g}{appendix*.25}% 539
\BOOKMARK [1][-]{section.Alph0.18}{\376\377\000S\000p\000h\000e\000r\000e\000p\000o\000p\000\040\000F\000o\000r\000m\000a\000l\000\040\000S\000e\000m\000a\000n\000t\000i\000c\000s}{appendix*.25}% 540
\BOOKMARK [2][-]{subsection.Alph0.18.1}{\376\377\000C\000o\000l\000l\000a\000p\000s\000e\000\040\000G\000e\000o\000m\000e\000t\000r\000y}{section.Alph0.18}% 541
\BOOKMARK [1][-]{section.Alph0.19}{\376\377\000H\000Y\000D\000R\000A\000\040\000S\000t\000a\000t\000e\000\040\000T\000r\000a\000n\000s\000i\000t\000i\000o\000n\000s}{appendix*.25}% 542
\BOOKMARK [1][-]{section.Alph0.20}{\376\377\000H\000Y\000D\000R\000A\000\040\000I\000n\000f\000o\000r\000m\000a\000t\000i\000o\000n\000\040\000F\000u\000s\000i\000o\000n}{appendix*.25}% 543
\BOOKMARK [1][-]{section.Alph0.21}{\376\377\000T\000A\000R\000T\000A\000N\000\040\000R\000e\000c\000u\000r\000s\000i\000v\000e\000\040\000D\000i\000s\000t\000i\000n\000c\000t\000i\000o\000n}{appendix*.25}% 544
\BOOKMARK [2][-]{subsection.Alph0.21.1}{\376\377\000L\000y\000a\000p\000u\000n\000o\000v\000\040\000F\000o\000r\000m\000u\000l\000a\000t\000i\000o\000n}{section.Alph0.21}% 545
\BOOKMARK [1][-]{section.Alph0.22}{\376\377\000M\000E\000M\000|\0008\000\040\000M\000e\000m\000o\000r\000y\000\040\000A\000r\000c\000h\000i\000t\000e\000c\000t\000u\000r\000e}{appendix*.25}% 546
\BOOKMARK [2][-]{subsection.Alph0.22.1}{\376\377\000E\000c\000p\000h\000o\000r\000y}{section.Alph0.22}% 547
\BOOKMARK [2][-]{subsection.Alph0.22.2}{\376\377\000S\000i\000n\000g\000l\000e\000-\000E\000v\000e\000n\000t\000\040\000R\000e\000c\000a\000l\000l\000\040\000R\000a\000d\000i\000u\000s}{section.Alph0.22}% 548
\BOOKMARK [2][-]{subsection.Alph0.22.3}{\376\377\000S\000u\000p\000e\000r\000p\000o\000s\000i\000t\000i\000o\000n\000\040\000a\000n\000d\000\040\000A\000s\000s\000o\000c\000i\000a\000t\000i\000v\000e\000\040\000R\000e\000c\000a\000l\000l}{section.Alph0.22}% 549
\BOOKMARK [2][-]{subsection.Alph0.22.4}{\376\377\000I\000n\000t\000e\000r\000f\000e\000r\000e\000n\000c\000e}{section.Alph0.22}% 550
\BOOKMARK [2][-]{subsection.Alph0.22.5}{\376\377\000M\000e\000m\000o\000r\000y\000\040\000D\000e\000c\000a\000y}{section.Alph0.22}% 551
\BOOKMARK [2][-]{subsection.Alph0.22.6}{\376\377\000R\000e\000i\000n\000f\000o\000r\000c\000e\000m\000e\000n\000t}{section.Alph0.22}% 552
\BOOKMARK [2][-]{subsection.Alph0.22.7}{\376\377\000K\000e\000r\000n\000e\000l\000\040\000M\000e\000m\000o\000r\000y\000\040\000a\000s\000\040\000P\000r\000o\000j\000e\000c\000t\000i\000o\000n}{section.Alph0.22}% 553
\BOOKMARK [2][-]{subsection.Alph0.22.8}{\376\377\000F\000a\000l\000s\000e\000\040\000R\000e\000c\000a\000l\000l}{section.Alph0.22}% 554
\BOOKMARK [2][-]{subsection.Alph0.22.9}{\376\377\000M\000e\000m\000o\000r\000y\000\040\000C\000a\000p\000a\000c\000i\000t\000y\000\040\000B\000o\000u\000n\000d}{section.Alph0.22}% 555
\BOOKMARK [2][-]{subsection.Alph0.22.10}{\376\377\000R\000e\000p\000a\000i\000r\000\040\000I\000n\000t\000e\000r\000p\000r\000e\000t\000a\000t\000i\000o\000n}{section.Alph0.22}% 556
\BOOKMARK [2][-]{subsection.Alph0.22.11}{\376\377\000S\000u\000m\000m\000a\000r\000y\000\040\000F\000o\000r\000m\000u\000l\000a\000e}{section.Alph0.22}% 557
\BOOKMARK [1][-]{section.Alph0.23}{\376\377\000C\000o\000m\000p\000u\000t\000a\000t\000i\000o\000n\000a\000l\000\040\000A\000d\000m\000i\000s\000s\000i\000b\000i\000l\000i\000t\000y}{appendix*.25}% 558
\BOOKMARK [0][-]{appendix*.26}{\376\377\000B\000i\000o\000l\000o\000g\000i\000c\000a\000l\000\040\000B\000a\000c\000k\000g\000r\000o\000u\000n\000d}{part.10}% 559
\BOOKMARK [1][-]{section.Alph0.24}{\376\377\000L\000i\000f\000e\000\040\000a\000s\000\040\000D\000i\000s\000t\000i\000n\000c\000t\000i\000o\000n\000\040\000P\000r\000e\000s\000e\000r\000v\000a\000t\000i\000o\000n}{appendix*.26}% 560
\BOOKMARK [1][-]{section.Alph0.25}{\376\377\000T\000h\000e\000r\000m\000o\000d\000y\000n\000a\000m\000i\000c\000\040\000S\000e\000t\000t\000i\000n\000g}{appendix*.26}% 561
\BOOKMARK [1][-]{section.Alph0.26}{\376\377\000A\000u\000t\000o\000p\000o\000i\000e\000s\000i\000s}{appendix*.26}% 562
\BOOKMARK [1][-]{section.Alph0.27}{\376\377\000G\000e\000n\000o\000m\000e\000s\000\040\000a\000s\000\040\000H\000i\000s\000t\000o\000r\000i\000c\000a\000l\000\040\000A\000r\000c\000h\000i\000v\000e\000s}{appendix*.26}% 563
\BOOKMARK [1][-]{section.Alph0.28}{\376\377\000I\000m\000m\000u\000n\000e\000\040\000S\000y\000s\000t\000e\000m\000\040\000a\000s\000\040\000A\000d\000m\000i\000s\000s\000i\000b\000i\000l\000i\000t\000y\000\040\000F\000i\000l\000t\000e\000r}{appendix*.26}% 564
\BOOKMARK [1][-]{section.Alph0.29}{\376\377\000R\000e\000g\000e\000n\000e\000r\000a\000t\000i\000v\000e\000\040\000S\000t\000e\000m\000\040\000C\000e\000l\000l\000\040\000S\000y\000s\000t\000e\000m\000s}{appendix*.26}% 565
\BOOKMARK [1][-]{section.Alph0.30}{\376\377\000D\000e\000v\000e\000l\000o\000p\000m\000e\000n\000t\000a\000l\000\040\000L\000a\000n\000d\000s\000c\000a\000p\000e\000s}{appendix*.26}% 566
\BOOKMARK [1][-]{section.Alph0.31}{\376\377\000E\000v\000o\000l\000u\000t\000i\000o\000n\000a\000r\000y\000\040\000R\000e\000a\000c\000h\000a\000b\000i\000l\000i\000t\000y}{appendix*.26}% 567
\BOOKMARK [1][-]{section.Alph0.32}{\376\377\000N\000e\000u\000r\000a\000l\000\040\000C\000r\000i\000t\000i\000c\000a\000l\000i\000t\000y}{appendix*.26}% 568
\BOOKMARK [1][-]{section.Alph0.33}{\376\377\000E\000c\000o\000l\000o\000g\000i\000c\000a\000l\000\040\000D\000i\000v\000e\000r\000s\000i\000t\000y\000\040\000a\000n\000d\000\040\000R\000e\000p\000a\000i\000r}{appendix*.26}% 569
\BOOKMARK [1][-]{section.Alph0.34}{\376\377\000B\000i\000o\000l\000o\000g\000i\000c\000a\000l\000\040\000A\000d\000m\000i\000s\000s\000i\000b\000i\000l\000i\000t\000y}{appendix*.26}% 570
\BOOKMARK [2][-]{subsection.Alph0.34.1}{\376\377\000B\000i\000o\000l\000o\000g\000i\000c\000a\000l\000\040\000A\000d\000m\000i\000s\000s\000i\000b\000i\000l\000i\000t\000y\000\040\000V\000o\000l\000u\000m\000e}{section.Alph0.34}% 571
\BOOKMARK [2][-]{subsection.Alph0.34.2}{\376\377\000G\000e\000n\000e\000r\000a\000t\000i\000v\000e\000\040\000B\000i\000o\000l\000o\000g\000i\000c\000a\000l\000\040\000S\000y\000s\000t\000e\000m\000s}{section.Alph0.34}% 572
\BOOKMARK [2][-]{subsection.Alph0.34.3}{\376\377\000F\000i\000t\000n\000e\000s\000s\000\040\000V\000e\000r\000s\000u\000s\000\040\000A\000d\000m\000i\000s\000s\000i\000b\000i\000l\000i\000t\000y}{section.Alph0.34}% 573
\BOOKMARK [2][-]{subsection.Alph0.34.4}{\376\377\000E\000v\000o\000l\000u\000t\000i\000o\000n\000a\000r\000y\000\040\000R\000e\000a\000c\000h\000a\000b\000i\000l\000i\000t\000y}{section.Alph0.34}% 574
\BOOKMARK [2][-]{subsection.Alph0.34.5}{\376\377\000E\000v\000o\000l\000u\000t\000i\000o\000n\000a\000r\000y\000\040\000C\000u\000r\000v\000a\000t\000u\000r\000e}{section.Alph0.34}% 575
\BOOKMARK [2][-]{subsection.Alph0.34.6}{\376\377\000\040\000B\000i\000o\000l\000o\000g\000i\000c\000a\000l\000\040\000C\000o\000l\000l\000a\000p\000s\000e}{section.Alph0.34}% 576
\BOOKMARK [2][-]{subsection.Alph0.34.7}{\376\377\000\040\000A\000d\000a\000p\000t\000i\000v\000e\000\040\000R\000a\000d\000i\000a\000t\000i\000o\000n\000\040\000a\000n\000d\000\040\000A\000d\000m\000i\000s\000s\000i\000b\000i\000l\000i\000t\000y\000\040\000E\000x\000p\000a\000n\000s\000i\000o\000n}{section.Alph0.34}% 577
\BOOKMARK [2][-]{subsection.Alph0.34.8}{\376\377\000\040\000B\000i\000o\000l\000o\000g\000i\000c\000a\000l\000\040\000A\000d\000m\000i\000s\000s\000i\000b\000i\000l\000i\000t\000y\000\040\000P\000r\000i\000n\000c\000i\000p\000l\000e}{section.Alph0.34}% 578
\BOOKMARK [0][-]{appendix*.27}{\376\377\000P\000r\000o\000o\000f\000\040\000D\000e\000p\000e\000n\000d\000e\000n\000c\000y\000\040\000T\000a\000b\000l\000e\000s}{part.10}% 579
\BOOKMARK [1][-]{section.Alph0.35}{\376\377\000P\000u\000r\000p\000o\000s\000e}{appendix*.27}% 580
\BOOKMARK [1][-]{section.Alph0.36}{\376\377\000D\000e\000p\000e\000n\000d\000e\000n\000c\000y\000\040\000R\000e\000l\000a\000t\000i\000o\000n}{appendix*.27}% 581
\BOOKMARK [1][-]{section.Alph0.37}{\376\377\000F\000o\000u\000n\000d\000a\000t\000i\000o\000n\000a\000l\000\040\000B\000a\000s\000i\000s}{appendix*.27}% 582
\BOOKMARK [1][-]{section.Alph0.38}{\376\377\000D\000e\000p\000e\000n\000d\000e\000n\000c\000y\000\040\000D\000e\000p\000t\000h\000\040\000T\000a\000b\000l\000e}{appendix*.27}% 583
\BOOKMARK [1][-]{section.Alph0.39}{\376\377\000L\000a\000y\000e\000r\000-\000b\000y\000-\000L\000a\000y\000e\000r\000\040\000D\000e\000p\000e\000n\000d\000e\000n\000c\000y\000\040\000M\000a\000t\000r\000i\000c\000e\000s}{appendix*.27}% 584
\BOOKMARK [1][-]{section.Alph0.40}{\376\377\000F\000a\000i\000l\000u\000r\000e\000\040\000L\000a\000y\000e\000r\000\040\000D\000e\000p\000e\000n\000d\000e\000n\000c\000y}{appendix*.27}% 585
\BOOKMARK [1][-]{section.Alph0.41}{\376\377\000M\000a\000s\000t\000e\000r\000\040\000D\000e\000p\000e\000n\000d\000e\000n\000c\000y\000\040\000C\000h\000a\000i\000n}{appendix*.27}% 586
\BOOKMARK [1][-]{section.Alph0.42}{\376\377\000R\000e\000a\000l\000i\000z\000a\000t\000i\000o\000n\000\040\000F\000u\000n\000c\000t\000o\000r\000s}{appendix*.27}% 587
\BOOKMARK [1][-]{section.Alph0.43}{\376\377\000M\000i\000n\000i\000m\000a\000l\000\040\000A\000x\000i\000o\000m\000\040\000C\000o\000u\000n\000t\000s}{appendix*.27}% 588
\BOOKMARK [0][-]{appendix*.30}{\376\377\000R\000e\000f\000e\000r\000e\000n\000c\000e\000s}{part.10}% 589
\BOOKMARK [0][-]{appendix*.31}{\376\377\000T\000h\000e\000\040\000S\000t\000a\000t\000u\000s\000\040\000o\000f\000\040\000C\000l\000a\000i\000m\000s\000\040\000i\000n\000\040\000T\000h\000i\000s\000\040\000B\000o\000o\000k}{part.10}% 590
\BOOKMARK [0][-]{appendix*.32}{\376\377\000O\000p\000e\000n\000\040\000P\000r\000o\000b\000l\000e\000m\000s\000\040\000a\000n\000d\000\040\000P\000o\000t\000e\000n\000t\000i\000a\000l\000\040\000F\000a\000i\000l\000u\000r\000e\000\040\000M\000o\000d\000e\000s}{part.10}% 591
\BOOKMARK [1][-]{section.Alph0.44}{\376\377\000T\000h\000e\000\040\000H\000a\000r\000d\000\040\000P\000r\000o\000b\000l\000e\000m\000\040\000o\000f\000\040\000C\000o\000n\000s\000c\000i\000o\000u\000s\000n\000e\000s\000s}{appendix*.32}% 592
\BOOKMARK [1][-]{section.Alph0.45}{\376\377\000T\000h\000e\000\040\000E\000m\000p\000i\000r\000i\000c\000a\000l\000\040\000S\000t\000a\000t\000u\000s\000\040\000o\000f\000\040\000R\000S\000V\000P}{appendix*.32}% 593
\BOOKMARK [1][-]{section.Alph0.46}{\376\377\000T\000h\000e\000\040\000I\000n\000d\000e\000p\000e\000n\000d\000e\000n\000c\000e\000\040\000A\000s\000s\000u\000m\000p\000t\000i\000o\000n\000\040\000i\000n\000\040\000C\000o\000n\000s\000t\000r\000a\000i\000n\000t\000\040\000D\000y\000n\000a\000m\000i\000c\000s}{appendix*.32}% 594
\BOOKMARK [1][-]{section.Alph0.47}{\376\377\000T\000h\000e\000\040\000F\000u\000n\000c\000t\000o\000r\000i\000a\000l\000\040\000R\000e\000a\000l\000i\000z\000a\000t\000i\000o\000n\000\040\000P\000r\000o\000g\000r\000a\000m\000m\000e}{appendix*.32}% 595
\BOOKMARK [1][-]{section.Alph0.48}{\376\377\000A\000l\000t\000e\000r\000n\000a\000t\000i\000v\000e\000\040\000R\000e\000a\000c\000h\000a\000b\000i\000l\000i\000t\000y\000\040\000M\000e\000t\000r\000i\000c\000s}{appendix*.32}% 596
\BOOKMARK [1][-]{section.Alph0.49}{\376\377\000T\000h\000e\000\040\000C\000o\000s\000m\000o\000l\000o\000g\000i\000c\000a\000l\000\040\000T\000e\000s\000t\000s}{appendix*.32}% 597
\BOOKMARK [1][-]{section.Alph0.50}{\376\377\000M\000a\000t\000h\000e\000m\000a\000t\000i\000c\000a\000l\000\040\000F\000o\000u\000n\000d\000a\000t\000i\000o\000n\000s\000\040\000o\000f\000\040\000D\000i\000s\000t\000i\000n\000c\000t\000i\000o\000n\000\040\000O\000n\000t\000o\000l\000o\000g\000y}{appendix*.32}% 598
\BOOKMARK [1][-]{section.Alph0.51}{\376\377\000T\000h\000e\000\040\000N\000o\000r\000m\000a\000t\000i\000v\000e\000\040\000C\000o\000m\000p\000l\000e\000t\000i\000o\000n\000\040\000P\000r\000o\000b\000l\000e\000m}{appendix*.32}% 599
\BOOKMARK [1][-]{section.Alph0.52}{\376\377\000O\000p\000e\000r\000a\000t\000i\000o\000n\000a\000l\000i\000z\000i\000n\000g\000\040\000t\000h\000e\000\040\000S\000o\000c\000i\000a\000l\000\040\000R\000e\000a\000c\000h\000a\000b\000i\000l\000i\000t\000y\000\040\000V\000a\000r\000i\000a\000b\000l\000e\000s}{appendix*.32}% 600
